/*
SQLyog Ultimate v8.32 
MySQL - 5.5.33 : Database - yingtong
*********************************************************************
*/

/*!40101 SET NAMES utf8 */;

/*!40101 SET SQL_MODE=''*/;

/*!40014 SET @OLD_UNIQUE_CHECKS=@@UNIQUE_CHECKS, UNIQUE_CHECKS=0 */;
/*!40014 SET @OLD_FOREIGN_KEY_CHECKS=@@FOREIGN_KEY_CHECKS, FOREIGN_KEY_CHECKS=0 */;
/*!40101 SET @OLD_SQL_MODE=@@SQL_MODE, SQL_MODE='NO_AUTO_VALUE_ON_ZERO' */;
/*!40111 SET @OLD_SQL_NOTES=@@SQL_NOTES, SQL_NOTES=0 */;
CREATE DATABASE /*!32312 IF NOT EXISTS*/`yingtong` /*!40100 DEFAULT CHARACTER SET gbk */;

USE `yingtong`;

/*Table structure for table `yt_address` */

DROP TABLE IF EXISTS `yt_address`;

CREATE TABLE `yt_address` (
  `id` int(11) NOT NULL AUTO_INCREMENT,
  `addName` varchar(500) DEFAULT NULL COMMENT '服务点',
  `address` varchar(500) DEFAULT NULL COMMENT '地址',
  `Tel` varchar(15) DEFAULT NULL COMMENT '手机',
  `businessHour` varchar(20) DEFAULT NULL COMMENT '营业时间',
  `num` int(11) DEFAULT NULL COMMENT '序列号',
  `titleAddr_id` int(11) DEFAULT NULL COMMENT '市区ID',
  PRIMARY KEY (`id`)
) ENGINE=MyISAM AUTO_INCREMENT=87 DEFAULT CHARSET=gbk;

/*Data for the table `yt_address` */

insert  into `yt_address`(`id`,`addName`,`address`,`Tel`,`businessHour`,`num`,`titleAddr_id`) values (27,'杭州汽车西站服务点','西湖区西溪路680号（西溪路与紫金港路东侧，老东岳公交站台旁）','18167102716','08:00-20:00',1,2),(28,'萧山机场店24H','上城区西湖大道1号外海西湖国贸大厦停车场','13336013115','00:00-24:00',0,1),(26,'杭州火车城站服务点24H','上城区西湖大道1号外海西湖国贸大厦停车场','13336013115','00:00-24:00',1,1),(29,'杭州火车东站服务点24H','杭州火车东站内B1层（负1层）东区铁路售票处往东30米环型服务咨询台；18958145215还车地址：杭州火车东站东广场P4地下停车库负2层E通道73号立柱旁','18958145215','00:00-24:00',0,1),(30,'杭州临平余杭高铁站点','迎宾路余杭高铁站（地铁1号线余杭高铁站C出口）','---','09:00-19:00',0,1),(31,'古墩路店','西湖区古墩路656号紫金港商务大厦一层（杭州机动车辆管理所对面）','0571-88985550','08:00-21:00',0,2),(32,'西湖科技园西港点','三墩镇西湖科技园区振华路206号','---','09:00-19:00',0,2),(33,'杭州宋城西湖景区点','西湖区之江路148号（宋城北门入口）','---','09:00-19:00',0,2),(34,'亲亲家园服务点','西湖区古墩路1247号与董家路交叉口（停车场内）','15397130791','08:00-20:00',0,2),(35,'文一路物美点','西湖区文一路300号（物美超市停车场）','---','09:00-19:00',0,2),(36,'西城广场点','文二西路551号（西城广场停车场）','---','09:00-19:00',0,2),(37,'杭州转塘服务点','西湖区转塘街道美院南街之江家园三区1幢105号商铺（杭新路与美院南街叉口东北面）','17767197135','08:00-20:00',0,2),(38,'杭州转塘学军小学点','西湖区转塘街道梦园街188号','---','10:00-18:00',1,2),(39,'东部软件园点','西湖马腾路口东部软件园','---','09:00-19:00',0,2),(40,'西溪湿地点','紫荆港路与西溪路东侧','---','09:00-19:00',0,2),(41,'黄龙体育中心店','杭州黄龙体育中心沃尔玛超市一楼电梯口处（超市收银出口处）','15306502478','08:00-21:00',0,2),(42,'莲花街点','西湖区莲花街333号莲花广场入口处（浙商财富中心古科园路斜对面）','---','09:00-19:00',0,2),(43,'三墩美食街点','西湖区厚仁路222号三墩美食街','---','09:00-19:00',0,2),(44,'创美·华彩国际点','西湖区三墩镇灯彩街565号','---','09:00-19:00',0,2),(45,'古荡新村点','天目山路路388号浙江国力大酒店旁','---','09:00-19:00',1,2),(46,'杭州火车城站服务点24H','上城区西湖大道1号外海西湖国贸大厦停车场','13336013115','00:00-24:00',0,3),(47,'近江六园点','上城区富春路衢江路口钱丰酒家门口','---','09:00-19:00',0,3),(48,'太和广场点','上城区飞云江路19号星巴克咖啡门口','---','09:00-19:00',0,3),(49,'解百新世纪点','上城区浣纱路99号(浣纱路国货路口)','---','09:00-19:00',0,3),(50,'信义坊店','拱墅区信义坊商街143号神州租车门店（乾隆坊酒店对面）','18969130683','09:00-19:00',0,4),(51,'杭州汽车北站点','拱墅区花园岗街233号百优卡二手车门口','---','09:00-19:00',0,4),(52,'运河天地点','拱墅区湖州街与小河路交488号叉口（运河天地入口前50米路边）','---','09:00-19:00',0,4),(53,'杭州大关欧尚点','杭州市拱墅区大关路213号，中石化加油站斜对面','---','09:00-19:00',0,4),(54,'杭州万达广场点','拱墅区石祥路和杭行路交汇处东北角','---','09:00-19:00',0,4),(55,'康桥吴家墩点','拱墅区康桥路58号（吴家墩社区）','---','09:00-19:00',0,4),(56,'杭州杭钢医院点','拱墅区半山路与康健路交叉口','---','09:00-19:00',0,4),(57,'莫干山路物美点','拱墅区莫干山路路851号（物美超市停车场）','---','09:00-19:00',0,4),(58,'文一路华润超市点','文一路一清新村公交车站','---','09:00-19:00',0,4),(59,'北部软件园点','拱墅区祥园路35号（工商银行旁边）','---','拱墅区祥园路35号（工商银行旁边）',0,4),(60,'世纪联华丰庆路点','拱墅区丰庆路710号世纪联华','---','09:00-19:00',0,4),(62,'石祥路服务点','下城区石祥路59号新华经济创意园2幢1楼国嘉名流汽修厂内（石桥百货正对面）','15395849815','08:00-20:00',0,5),(63,'白石路服务点','下城区白石路438号，漾河汽车服务中心对面（公交三公司和城北体育馆沿白石路向北到底即到）','15395849815','08:00-20:00',0,5),(64,'杭州东新路服务点','下城区东新路910号一楼神州租车','17757121913','09:00-19:00',0,5),(65,'和平广场点','下城区绍兴路158号（和平广场）','---','09:00-19:00',0,5),(66,'东新路北景园点','下城区东新路1026号（杭州君诺口腔门诊部附近）','---','09:00-19:00',0,5),(67,'石桥路大润发超市点','下城区石桥路532号（星际影城正对面）','---','09:00-19:00',0,5),(68,'武林小广场点','下城区武林路454号武林小广场公交站旁','---','09:00-19:00',0,5),(69,'双牛大厦点','下城区建国北路281号双牛大厦门口','---','09:00-19:00',0,5),(70,'杭州东新园沃尔玛点','下城区香积寺东路58号杭州天驰综合大楼地上第1～3层 东新园斜对面','---','09:00-19:00',0,5),(71,'杭州中大银泰城点','下城区东新路822号?东新路与石祥路交叉','---','09:00-19:00',0,5),(72,'西湖文化广场银泰点','下城区环城北路47号武林广场运河北侧(近体育场路)西湖文化广场银泰正门口','---','09:00-19:00',0,5),(73,'杭州石大路货运市场点','下城区八角亭街228号','---','09:00-19:00',0,5),(74,'西湖时代广场衣之家点','庆春路229号中国广厦西湖时代广场衣之家','---','09:00-19:00',0,5),(75,'萧山机场店24H','门店地址(取车地址)：萧山机场国内到达14号门旅游集散中心神州租车专柜；还车地址：到达萧山机场出发层后，继续前行400米机场11号路5号停车区（下坡道假山旁入口处）','15397190901','00:00-24:00',0,6),(76,'市心北路店','萧山区市心北路252-9号神州租车门店(新时代大酒店马路斜对面）','18072788001','08:00-21:00',0,6),(77,'加州阳光点','萧山区LES城市生活广场金城路入口（金城路与金鸡路口西面50米，加州阳光公交站旁）','---','09:00-19:00',0,6),(78,'湘湖地铁站点','萧山区湘湖地铁站（萧山区风情大道）','---','09:00-19:00',0,6),(79,'萧山汽车站点','萧山区萧山汽车站萧绍路门口','---','09:00-19:00',0,6),(80,'江晖路星光大道服务点','滨江区江晖路与新月路交叉口（滨江地税、中兴大厦旁边的露天停车场内）','15397122591','08:00-20:00',0,8),(81,'滨江浦沿点','滨江区浦沿路765号（物美超市）','---','09:00-19:00',0,8),(82,'江陵路地铁站点','滨江区江陵路与江南大道交汇处（地铁1号线江陵路A出口右侧停车场）','---','09:00-19:00',0,8),(83,'滨江区奥体中心点','奥体街与飞虹路口（奥体中心南门、莱蒙水榭春天北门）','---','09:00-19:00',0,8),(84,'彩虹城点','滨江区滨盛路4396号（彩虹城南门世纪联华超市、工商银行旁）','---','09:00-19:00',0,8),(85,'中南购物中心点','滨江区江南大道与网商路口（中南购物中心东门）','---','09:00-19:00',0,8);

/*Table structure for table `yt_admin` */

DROP TABLE IF EXISTS `yt_admin`;

CREATE TABLE `yt_admin` (
  `id` int(11) NOT NULL AUTO_INCREMENT,
  `username` varchar(100) DEFAULT NULL COMMENT '用户名',
  `password` varchar(100) DEFAULT NULL COMMENT '密码',
  `power_id` varchar(100) DEFAULT NULL COMMENT '角色ID',
  PRIMARY KEY (`id`)
) ENGINE=MyISAM AUTO_INCREMENT=30 DEFAULT CHARSET=gbk;

/*Data for the table `yt_admin` */

insert  into `yt_admin`(`id`,`username`,`password`,`power_id`) values (29,'yangjun','AFA0511C134699AC9D6AC98BBF956225','2'),(21,'admin','C351855EB57816C48A8076E187B4E2F4','1'),(22,'yuefeng','21232F297A57A5A743894A0E4A801FC3','1'),(28,'wuhuajun','366EFFB3AEAC41F72A62F1770BD5A7CE','1');

/*Table structure for table `yt_advice` */

DROP TABLE IF EXISTS `yt_advice`;

CREATE TABLE `yt_advice` (
  `id` int(11) NOT NULL AUTO_INCREMENT,
  `advice` mediumtext,
  `time` datetime DEFAULT NULL,
  `adviser` varchar(20) DEFAULT NULL,
  `tel` varchar(12) DEFAULT NULL,
  PRIMARY KEY (`id`)
) ENGINE=MyISAM AUTO_INCREMENT=16 DEFAULT CHARSET=gbk;

/*Data for the table `yt_advice` */

insert  into `yt_advice`(`id`,`advice`,`time`,`adviser`,`tel`) values (14,'3333','2016-07-20 17:28:58','杨俊','18768143568'),(15,'3333','2016-07-20 17:29:05','杨俊','18768143568'),(13,'www','2016-07-20 17:28:49','杨俊','18768143568'),(5,'hh','2016-07-20 16:57:35','杨俊','18768143568'),(6,'hello\r\n','2016-07-20 16:58:53','杨俊','18768143568'),(7,'ww','2016-07-20 16:59:08','杨俊','18768143568'),(8,'hello','2016-07-20 17:00:21','杨俊','18768143568'),(9,'ww','2016-07-20 17:01:16','杨俊','18768143568'),(10,'ww','2016-07-20 17:01:30','杨俊','18768143568'),(11,'ww','2016-07-20 17:02:11','杨俊','18768143568'),(12,'11','2016-07-20 17:02:19','杨俊','18768143568');

/*Table structure for table `yt_article` */

DROP TABLE IF EXISTS `yt_article`;

CREATE TABLE `yt_article` (
  `id` int(11) NOT NULL AUTO_INCREMENT,
  `titles` varchar(300) CHARACTER SET utf8mb4 DEFAULT NULL,
  `content` mediumtext CHARACTER SET utf8mb4,
  `title_id` int(11) DEFAULT NULL,
  PRIMARY KEY (`id`)
) ENGINE=MyISAM AUTO_INCREMENT=29 DEFAULT CHARSET=gbk;

/*Data for the table `yt_article` */

insert  into `yt_article`(`id`,`titles`,`content`,`title_id`) values (20,'取还车说明','<h1 id=\"fwgz06\" style=\"margin:35px 0px 20px;padding:0px;font-weight:400;font-size:24px;color:#60606c;font-family:\'Microsoft yahei\', sans-serif;\"><span style=\"color:#000000;\">取还车说明</span></h1>\r\n<span style=\"color:#000000;\"> </span><h2 style=\"margin:15px 0px 8px;padding:0px;font-weight:400;font-size:18px;color:#60606c;font-family:\'Microsoft yahei\', sans-serif;\"><span style=\"color:#000000;\">取还车流程</span></h2>\r\n<span style=\"color:#000000;\"> </span><img src=\"http://image.zuchecdn.com/newversion/newhelp/rentright.jpg\" alt=\"\" class=\"mid\" style=\"border:0px;vertical-align:middle;display:block;margin:0px auto;color:#333333;font-family:\'Microsoft yahei\', sans-serif;\" /><p style=\"margin-top:0px;margin-bottom:0px;padding:0px;font-size:14px;color:#93939e;line-height:30px;font-family:\'Microsoft yahei\', sans-serif;\"><span style=\"color:#000000;\">温馨提示：</span><br />\r\n<span style=\"color:#000000;\"> 离开门店前，请先熟悉租用车辆的安全性能：危险警示灯、门锁、头灯以及备胎。</span></p>',2),(17,'关于我们','<p class=\"MsoNormal\" style=\"text-indent:28.0000pt;mso-char-indent-count:2.0000;\"><span style=\"font-family:\'Microsoft YaHei\';color:#333333;font-size:16px;\">盈通（</span><span style=\"font-family:\'Microsoft YaHei\';color:#333333;font-size:16px;\">yt-car</span><span style=\"font-family:\'Microsoft YaHei\';color:#333333;font-size:16px;\">）</span><span style=\"font-family:\'Microsoft YaHei\';color:#333333;font-size:16px;\">创建于<span style=\"font-family:\'Microsoft YaHei\';font-size:16px;\">2015</span><span style=\"font-family:\'Microsoft YaHei\';font-size:16px;\">年</span><span style=\"font-family:\'Microsoft YaHei\';font-size:16px;\">10</span><span style=\"font-family:\'Microsoft YaHei\';font-size:16px;\">月，注册资金</span><span style=\"font-family:\'Microsoft YaHei\';font-size:16px;\">2000</span><span style=\"font-family:\'Microsoft YaHei\';font-size:16px;\">万元人民币，</span></span><span style=\"font-family:\'Microsoft YaHei\';color:#333333;font-size:16px;\">是经国家工商部门批准成立的一家正规企业</span><span style=\"font-family:\'Microsoft YaHei\';color:#333333;font-size:16px;\">,</span><span style=\"font-family:\'Microsoft YaHei\';color:#333333;font-size:16px;\">是杭州地区最专业从事个人租车、商务租车、旅游租车、企事业单位用车的龙头企业。</span><span style=\"mso-spacerun:\'yes\';font-family:Arial;mso-fareast-font-family:宋体;color:#333333;font-size:14.0000pt;mso-font-kerning:1.0000pt;\"><o:p></o:p></span></p>\r\n<p class=\"MsoNormal\" style=\"text-indent:28.0000pt;mso-char-indent-count:2.0000;\"><span style=\"font-family:\'Microsoft YaHei\';color:#333333;font-size:16px;\">公司秉承国内外老牌租赁公司多年经验积淀，集合业内资深精英人士，根植国内<span style=\"font-family:\'Microsoft YaHei\';font-size:16px;\">“</span><span style=\"font-family:\'Microsoft YaHei\';font-size:16px;\">互联网</span><span style=\"font-family:\'Microsoft YaHei\';font-size:16px;\">+</span><span style=\"font-family:\'Microsoft YaHei\';font-size:16px;\">文明出行</span><span style=\"font-family:\'Microsoft YaHei\';font-size:16px;\">”</span><span style=\"font-family:\'Microsoft YaHei\';font-size:16px;\">的发展环境，与滴滴出行等相关国内知名出行品牌合作，并被行业协会和杭州市交通运输管理局授予</span><span style=\"font-family:\'Microsoft YaHei\';font-size:16px;\">“</span><span style=\"font-family:\'Microsoft YaHei\';font-size:16px;\">优秀会员</span><span style=\"font-family:\'Microsoft YaHei\';font-size:16px;\">”</span><span style=\"font-family:\'Microsoft YaHei\';font-size:16px;\">称号。</span></span><span style=\"mso-spacerun:\'yes\';font-family:Arial;mso-fareast-font-family:宋体;color:#333333;font-size:14.0000pt;mso-font-kerning:1.0000pt;\"><o:p></o:p></span></p>\r\n<p class=\"MsoNormal\" style=\"text-indent:28.0000pt;mso-char-indent-count:2.0000;\"><span style=\"font-family:\'Microsoft YaHei\';color:#333333;font-size:16px;\">公司所有车辆为国家正规营运车辆，证件齐全，车况优秀，并配备专业优秀的司机，不仅技术娴熟，礼貌热情，服务周到，更是熟悉杭州所有周边路线和了解省内路线的老司机。无论新老客户，租车时间长短，本公司都将竭诚为你提供优质的服务，让你的旅途更愉快。</span><span style=\"mso-spacerun:\'yes\';font-family:Arial;mso-fareast-font-family:宋体;color:#333333;font-size:14.0000pt;mso-font-kerning:1.0000pt;\"><o:p></o:p></span></p>\r\n<p class=\"MsoNormal\" style=\"text-indent:28.0000pt;mso-char-indent-count:2.0000;\"><span style=\"font-family:\'Microsoft YaHei\';color:#333333;font-size:16px;\">公司现有宝马，奔驰，奥迪，本田，大众，尼桑，现代，别克，福特，丰田等旗下多款中低高档车型，其中还包括商务车和房车系列。</span><span style=\"mso-spacerun:\'yes\';font-family:Arial;mso-fareast-font-family:宋体;color:#333333;font-size:14.0000pt;mso-font-kerning:1.0000pt;\"><o:p></o:p></span></p>\r\n<p class=\"MsoNormal\" style=\"text-indent:28.0000pt;mso-char-indent-count:2.0000;\"><span class=\"15\" style=\"font-family:\'Microsoft YaHei\';color:#333333;font-size:16px;\">&nbsp;<span style=\"font-family:\'Microsoft YaHei\';font-size:16px;\">此外，</span></span><span style=\"font-family:\'Microsoft YaHei\';color:#333333;font-size:16px;\">公司为了更好提升服务</span><span style=\"font-family:\'Microsoft YaHei\';color:#333333;font-size:16px;\">档</span><span style=\"font-family:\'Microsoft YaHei\';color:#333333;font-size:16px;\">次及知名度，盈通正以全新的六位一体商业模式，把汽车销售，汽车租赁，汽车金融，汽车修理，共享出行融为一体，一站式为你服务<span style=\"font-family:\'Microsoft YaHei\';font-size:16px;\">,</span><span style=\"font-family:\'Microsoft YaHei\';font-size:16px;\">因为您的满意</span><span style=\"font-family:\'Microsoft YaHei\';font-size:16px;\">,</span><span style=\"font-family:\'Microsoft YaHei\';font-size:16px;\">是我们最大的心愿</span></span><span style=\"font-family:\'Microsoft YaHei\';color:#333333;font-size:16px;\">。</span><span style=\"mso-spacerun:\'yes\';font-family:Arial;mso-fareast-font-family:宋体;color:#333333;font-size:14.0000pt;mso-font-kerning:1.0000pt;\"><o:p></o:p></span></p>',1),(18,'联系我们','<p style=\"margin-top:0px;margin-bottom:0px;padding:0px;color:#333333;font-family:宋体, arial, Simsun, sans-serif;line-height:20px;\"><b><span style=\"font-family:\'Microsoft YaHei\';font-size:16px;\">信　 息</span></b><br />\r\n<span style=\"font-family:\'Microsoft YaHei\';font-size:16px;\"> 地　 址：杭州滨江区江虹路1750号信雅达国际创意中心1号楼806&nbsp;</span><br />\r\n<span style=\"font-family:\'Microsoft YaHei\';font-size:16px;\"> 邮　 编：310053&nbsp;</span><br />\r\n<span style=\"font-family:\'Microsoft YaHei\';font-size:16px;\"> 电　 话：13362133660</span></p>\r\n<span style=\"font-family:\'Microsoft YaHei\';font-size:16px;\"> </span><p style=\"margin-top:0px;margin-bottom:0px;padding:0px;color:#333333;font-family:宋体, arial, Simsun, sans-serif;line-height:20px;\"><br />\r\n<span style=\"font-family:\'Microsoft YaHei\';font-size:16px;\"> </span><b><span style=\"font-family:\'Microsoft YaHei\';font-size:16px;\">客户服务</span></b><br />\r\n<span style=\"font-family:\'Microsoft YaHei\';font-size:16px;\"> 24h热线：13362133660&nbsp;</span></p>',1),(19,'服务时间','<span style=\"color:#000000;\">1. 客服中心 (400 616 6666):　　7×24小时</span><br />\r\n<span style=\"color:#000000;\"> 2. 门店：</span><br />\r\n<span style=\"color:#000000;\"> 　(1) 机场店/市区24小时店　　　　　　　　 7×24小时</span><br />\r\n<span style=\"color:#000000;\"> 　(2) 火车站店/高铁站店/市区非24小时店　　08:00-21:00</span><br />\r\n<span style=\"color:#000000;\"> 3. 服务点：</span><br />\r\n<span style=\"color:#000000;\"> 　(1) 机场服务点　　7×24小时</span><br />\r\n<span style=\"color:#000000;\"> 　(2) 其他服务点*　 09:00-19:00</span><br />\r\n<span style=\"color:#000000;\"> 4. 送车上门/上门取车*：08:00-20:00</span><br />\r\n<span style=\"color:#000000;\"> 注：节假日期间，上门服务时间可能调整，敬请留意网站可预订时间。</span>',2),(21,'价格说明','<h1 id=\"fwgz11\" style=\"margin:35px 0px 20px;padding:0px;font-weight:400;font-size:24px;color:#60606c;font-family:\'Microsoft yahei\', sans-serif;\"><span style=\"color:#000000;\">价格说明</span></h1>\r\n<span style=\"color:#000000;\"> </span><h2 style=\"margin:15px 0px 8px;padding:0px;font-weight:400;font-size:18px;color:#60606c;font-family:\'Microsoft yahei\', sans-serif;\"><span style=\"color:#000000;\">标准服务价格</span></h2>\r\n<span style=\"color:#000000;\"> </span><p style=\"margin-top:0px;margin-bottom:0px;padding:0px;font-size:14px;color:#93939e;line-height:30px;font-family:\'Microsoft yahei\', sans-serif;\"><span style=\"color:#000000;\">1. 车辆租赁费及门店服务费：（必购项目）</span><br />\r\n<span style=\"color:#000000;\"> 　各车型在租赁及服务中形成的费用，最小单位为天（24小时），如租期超过1天，租期中非整日的部分：</span><br />\r\n<span style=\"color:#000000;\"> 　(1)　不足4小时（含）的，按超时服务费计费；</span><br />\r\n<span style=\"color:#000000;\"> 　(2)　4小时以上的，按1天计费。</span><br />\r\n<span style=\"color:#000000;\"> 2. 基本保险费：（必购项目）</span><br />\r\n<span style=\"color:#000000;\"> 　基本保险是对您重大事故的保障。</span><br />\r\n<span style=\"color:#000000;\"> 　(1)　基本计费单位：1天（24小时），其中租期中非整日的部分：</span><br />\r\n<span style=\"color:#000000;\"> 　　　a)不足4小时（含）的，不计基本保险费；</span><br />\r\n<span style=\"color:#000000;\"> 　　　b)4小时以上的，按1天计费。</span><br />\r\n<span style=\"color:#000000;\"> 　(2)　计价方式：按天计费，总额=单价*租期；</span><br />\r\n<span style=\"color:#000000;\"> 　(3)　计价说明：</span><br />\r\n<span style=\"color:#000000;\"> 　　　a) 不同车型基本保险费价格不同；</span><br />\r\n<span style=\"color:#000000;\"> 　　　b) 基本保险费不计入停运损失费、超期违约金。</span><br />\r\n<span style=\"color:#000000;\"> 3.手续费：（必购项目）</span><br />\r\n<span style=\"color:#000000;\"> 　手续费是为您办理租车手续的人工费、场地费等。</span><br />\r\n<span style=\"color:#000000;\"> 　(1)　基本计费单位：按订单计费；</span><br />\r\n<span style=\"color:#000000;\"> 　(2)　计价说明：</span><br />\r\n<span style=\"color:#000000;\"> 　　　a) 不区分车型和会员级别；</span><br />\r\n<span style=\"color:#000000;\"> 　　　b) 每个城市、每个门店收费标准不同；</span><br />\r\n<span style=\"color:#000000;\"> 　　　c) 送车上门服务免收手续费。</span><br />\r\n<span style=\"color:#000000;\"> 4. 超时服务费：</span><br />\r\n<span style=\"color:#000000;\"> 　30分钟以内的超时，不收取超时服务费。</span><br />\r\n<span style=\"color:#000000;\"> 　还车时间超过租期约定的归还时间30分钟以上的，或总租期内非整日部分中有不满4小时的，按以下标准收取超时服务费。</span><br />\r\n<span style=\"color:#000000;\"> 　(1)　基本计费单位：小时</span><br />\r\n<span style=\"color:#000000;\"> 　(2)　超时服务费用只计车辆租赁费及门店服务费，不含基本保险费等其他费用，计费方式：</span><br />\r\n<span style=\"color:#000000;\"> 　　　a) 不足1小时的，按1小时收费；</span><br />\r\n<span style=\"color:#000000;\"> 　　　b) 4小时（含）内的，以“小时”为单位收费；</span><br />\r\n<span style=\"color:#000000;\"> 　　　c) 4小时以上，按1天（24小时）租期计费；</span><br />\r\n<span style=\"color:#000000;\"> 5.超里程服务费：对顺风车等有里程限制的产品，如超过限制里程请按实际产生的超里程数以及每公里单价支付超里程服务费。</span></p>',3),(22,'结算流程','<h1 id=\"fwgz13\" style=\"margin:35px 0px 20px;padding:0px;font-weight:400;font-size:24px;color:#60606c;font-family:\'Microsoft yahei\', sans-serif;\"><span style=\"color:#000000;\">结算流程</span></h1>\r\n<span style=\"color:#000000;\"> </span><p style=\"margin-top:0px;margin-bottom:0px;padding:0px;font-size:14px;color:#93939e;line-height:30px;font-family:\'Microsoft yahei\', sans-serif;\"><span style=\"color:#000000;\">1. 取车时：</span><br />\r\n<span style=\"color:#000000;\"> 　(1)　刷取第一次预授，刷取您相应的信用额度或押金；</span><br />\r\n<span style=\"color:#000000;\"> 　(2)　周租/月租、工作日套餐产品或需要先付的普通产品，取车时需请您先付预计租金。</span><br />\r\n<span style=\"color:#000000;\"> 2. 还车结算：</span><br />\r\n<span style=\"color:#000000;\"> 　我们支持信用卡、借记卡、储值卡等多种结算，还车时您可以选择适合您的结算方式：</span><br />\r\n<span style=\"color:#000000;\"> 　(1)　在信用卡预授权中扣除租车消费：</span><br />\r\n<span style=\"color:#000000;\"> 　　　如在您的租车预授权中扣除租车消费，剩余的预授权额度将在3天左右解冻：</span><br />\r\n<span style=\"color:#000000;\"> 　　　a) 招商银行信用卡、民生银行信用卡、工商银行部分联名信用卡可即时解冻；</span><br />\r\n<span style=\"color:#000000;\"> 　　　b) 工商银行牡丹信用卡，以及部分中国银行、广发银行信用卡解冻时间为7-15个工作日；</span><br />\r\n<span style=\"color:#000000;\"> 　　　c) 其他银行解冻时间一般为3-5个工作日；</span><br />\r\n<span style=\"color:#000000;\"> 　各银行解冻时间稍有不同，详情请您咨询发卡行。</span><br />\r\n<span style=\"color:#000000;\"> 　(2)　在首次押金中扣除租车消费：</span><br />\r\n<span style=\"color:#000000;\"> 　扣除租金后如有押金剩余，余额部分约在15-20个工作日左右退还到您的刷卡账户。为保证您的账户安全，我们将原卡原退，请您知悉。</span><br />\r\n<span style=\"color:#000000;\"> 3. 第二次预授权</span><br />\r\n<span style=\"color:#000000;\"> 　针对租车期间可能及已经产生的违章，还车结算后，需请您配合刷取第二次预授权或押金作为违章保证金：</span><br />\r\n<span style=\"color:#000000;\"> 　(1)　金额：</span><br />\r\n<span style=\"color:#000000;\"> 　　　a) 如还车时未查询到租期内有违章：2000元</span><br />\r\n<span style=\"color:#000000;\"> 　　　b) 如还车时已查询到租期内有违章：</span><br />\r\n<span style=\"color:#000000;\"> 　　　● 客户自行处理违章：2000元+违章费用及违章违约金总额</span><br />\r\n<span style=\"color:#000000;\"> 　　　● 客户不便自行处理违章：2000元；在此情况下，违章罚款及违约金结算时直接收取</span><br />\r\n<span style=\"color:#000000;\"> 　(2)　第二次预授权/押金刷取方式：</span><br />\r\n<span style=\"color:#000000;\"> 　　　a) 信用卡预授权；</span><br />\r\n<span style=\"color:#000000;\"> 　　　b) 国内银行卡支付押金;</span><br />\r\n<span style=\"color:#000000;\"> 　　　c) 首次押金转付;</span><br />\r\n<span style=\"color:#000000;\"> 　　　d) 储值卡支付。</span><br />\r\n<span style=\"color:#000000;\"> 　&nbsp;(3)　解冻或退款时间：</span><br />\r\n<span style=\"color:#000000;\"> 　　　a)	如无违章或您已提供违章处理凭证：</span><br />\r\n<span style=\"color:#000000;\"> 　　　■ 预授权:在没有违章或您已提供违章处理凭证的情况下,第二次预授权将在您还车后30天左右自动解冻,各银行自动解冻的参考时间为：</span></p>\r\n<span style=\"color:#000000;\"> </span><table class=\"hctable actb ke-zeroborder\" style=\"border-left-width:1px;border-left-style:solid;border-left-color:#e9ebee;border-top-width:1px;border-top-style:solid;border-top-color:#e9ebee;border-bottom-width:1px;border-bottom-style:solid;border-bottom-color:#e9ebee;margin:12px 0px;color:#333333;font-family:\'Microsoft yahei\', sans-serif;font-size:12px;line-height:18px;\" border=\"0\" width=\"100%\"><tbody><tr><th class=\"f14 white\" style=\"margin:0px;padding:0px;color:#939393;height:30px;text-align:center;font-weight:400;border-right-width:1px;border-right-style:solid;border-right-color:#e9ebee;background-color:#f8f8fa;\" bgcolor=\"559ed7\" width=\"112\" height=\"35\"><span style=\"color:#000000;\">银行名称</span></th>\r\n<span style=\"color:#000000;\"> </span><th class=\"f14 white\" style=\"margin:0px;padding:0px;color:#939393;height:30px;text-align:center;font-weight:400;border-right-width:1px;border-right-style:solid;border-right-color:#e9ebee;background-color:#f8f8fa;\" bgcolor=\"559ed7\" width=\"146\" height=\"35\"><span style=\"color:#000000;\">电话</span></th>\r\n<span style=\"color:#000000;\"> </span><th class=\"f14 white\" style=\"margin:0px;padding:0px;color:#939393;height:30px;text-align:center;font-weight:400;border-right-width:1px;border-right-style:solid;border-right-color:#e9ebee;background-color:#f8f8fa;\" bgcolor=\"559ed7\" width=\"142\" height=\"35\"><span style=\"color:#000000;\">自动解除预授权天数</span></th>\r\n<span style=\"color:#000000;\"> </span></tr>\r\n<span style=\"color:#000000;\"> </span><tr><td style=\"margin:0px;padding:20px 12px;min-height:32px;border-right-width:1px;border-right-style:solid;border-right-color:#e9ebee;border-top-width:1px;border-top-style:solid;border-top-color:#e9ebee;font-size:14px;color:#60606c;line-height:20px;text-align:center;\"><span style=\"color:#000000;\">中国银行</span></td>\r\n<span style=\"color:#000000;\"> </span><td style=\"margin:0px;padding:20px 12px;min-height:32px;border-right-width:1px;border-right-style:solid;border-right-color:#e9ebee;border-top-width:1px;border-top-style:solid;border-top-color:#e9ebee;font-size:14px;color:#60606c;line-height:20px;text-align:center;\"><span style=\"color:#000000;\">95566</span></td>\r\n<span style=\"color:#000000;\"> </span><td style=\"margin:0px;padding:20px 12px;min-height:32px;border-right-width:1px;border-right-style:solid;border-right-color:#e9ebee;border-top-width:1px;border-top-style:solid;border-top-color:#e9ebee;font-size:14px;color:#60606c;line-height:20px;text-align:center;\"><span style=\"color:#000000;\">28</span></td>\r\n<span style=\"color:#000000;\"> </span></tr>\r\n<span style=\"color:#000000;\"> </span><tr><td style=\"margin:0px;padding:20px 12px;min-height:32px;border-right-width:1px;border-right-style:solid;border-right-color:#e9ebee;border-top-width:1px;border-top-style:solid;border-top-color:#e9ebee;font-size:14px;color:#60606c;line-height:20px;text-align:center;\"><span style=\"color:#000000;\">建设银行</span></td>\r\n<span style=\"color:#000000;\"> </span><td style=\"margin:0px;padding:20px 12px;min-height:32px;border-right-width:1px;border-right-style:solid;border-right-color:#e9ebee;border-top-width:1px;border-top-style:solid;border-top-color:#e9ebee;font-size:14px;color:#60606c;line-height:20px;text-align:center;\"><span style=\"color:#000000;\">95533</span></td>\r\n<span style=\"color:#000000;\"> </span><td style=\"margin:0px;padding:20px 12px;min-height:32px;border-right-width:1px;border-right-style:solid;border-right-color:#e9ebee;border-top-width:1px;border-top-style:solid;border-top-color:#e9ebee;font-size:14px;color:#60606c;line-height:20px;text-align:center;\"><span style=\"color:#000000;\">30</span></td>\r\n<span style=\"color:#000000;\"> </span></tr>\r\n<span style=\"color:#000000;\"> </span><tr><td style=\"margin:0px;padding:20px 12px;min-height:32px;border-right-width:1px;border-right-style:solid;border-right-color:#e9ebee;border-top-width:1px;border-top-style:solid;border-top-color:#e9ebee;font-size:14px;color:#60606c;line-height:20px;text-align:center;\"><span style=\"color:#000000;\">招商银行</span></td>\r\n<span style=\"color:#000000;\"> </span><td style=\"margin:0px;padding:20px 12px;min-height:32px;border-right-width:1px;border-right-style:solid;border-right-color:#e9ebee;border-top-width:1px;border-top-style:solid;border-top-color:#e9ebee;font-size:14px;color:#60606c;line-height:20px;text-align:center;\"><span style=\"color:#000000;\">95555</span></td>\r\n<span style=\"color:#000000;\"> </span><td style=\"margin:0px;padding:20px 12px;min-height:32px;border-right-width:1px;border-right-style:solid;border-right-color:#e9ebee;border-top-width:1px;border-top-style:solid;border-top-color:#e9ebee;font-size:14px;color:#60606c;line-height:20px;text-align:center;\"><span style=\"color:#000000;\">30</span></td>\r\n<span style=\"color:#000000;\"> </span></tr>\r\n<span style=\"color:#000000;\"> </span><tr><td style=\"margin:0px;padding:20px 12px;min-height:32px;border-right-width:1px;border-right-style:solid;border-right-color:#e9ebee;border-top-width:1px;border-top-style:solid;border-top-color:#e9ebee;font-size:14px;color:#60606c;line-height:20px;text-align:center;\"><span style=\"color:#000000;\">工商银行</span></td>\r\n<span style=\"color:#000000;\"> </span><td style=\"margin:0px;padding:20px 12px;min-height:32px;border-right-width:1px;border-right-style:solid;border-right-color:#e9ebee;border-top-width:1px;border-top-style:solid;border-top-color:#e9ebee;font-size:14px;color:#60606c;line-height:20px;text-align:center;\"><span style=\"color:#000000;\">95588</span></td>\r\n<span style=\"color:#000000;\"> </span><td style=\"margin:0px;padding:20px 12px;min-height:32px;border-right-width:1px;border-right-style:solid;border-right-color:#e9ebee;border-top-width:1px;border-top-style:solid;border-top-color:#e9ebee;font-size:14px;color:#60606c;line-height:20px;text-align:center;\"><span style=\"color:#000000;\">30</span></td>\r\n<span style=\"color:#000000;\"> </span></tr>\r\n<span style=\"color:#000000;\"> </span><tr><td style=\"margin:0px;padding:20px 12px;min-height:32px;border-right-width:1px;border-right-style:solid;border-right-color:#e9ebee;border-top-width:1px;border-top-style:solid;border-top-color:#e9ebee;font-size:14px;color:#60606c;line-height:20px;text-align:center;\"><span style=\"color:#000000;\">农业银行</span></td>\r\n<span style=\"color:#000000;\"> </span><td style=\"margin:0px;padding:20px 12px;min-height:32px;border-right-width:1px;border-right-style:solid;border-right-color:#e9ebee;border-top-width:1px;border-top-style:solid;border-top-color:#e9ebee;font-size:14px;color:#60606c;line-height:20px;text-align:center;\"><span style=\"color:#000000;\">95599</span></td>\r\n<span style=\"color:#000000;\"> </span><td style=\"margin:0px;padding:20px 12px;min-height:32px;border-right-width:1px;border-right-style:solid;border-right-color:#e9ebee;border-top-width:1px;border-top-style:solid;border-top-color:#e9ebee;font-size:14px;color:#60606c;line-height:20px;text-align:center;\"><span style=\"color:#000000;\">30-45</span></td>\r\n<span style=\"color:#000000;\"> </span></tr>\r\n<span style=\"color:#000000;\"> </span><tr><td style=\"margin:0px;padding:20px 12px;min-height:32px;border-right-width:1px;border-right-style:solid;border-right-color:#e9ebee;border-top-width:1px;border-top-style:solid;border-top-color:#e9ebee;font-size:14px;color:#60606c;line-height:20px;text-align:center;\"><span style=\"color:#000000;\">交通银行</span></td>\r\n<span style=\"color:#000000;\"> </span><td style=\"margin:0px;padding:20px 12px;min-height:32px;border-right-width:1px;border-right-style:solid;border-right-color:#e9ebee;border-top-width:1px;border-top-style:solid;border-top-color:#e9ebee;font-size:14px;color:#60606c;line-height:20px;text-align:center;\"><span style=\"color:#000000;\">95559</span></td>\r\n<span style=\"color:#000000;\"> </span><td style=\"margin:0px;padding:20px 12px;min-height:32px;border-right-width:1px;border-right-style:solid;border-right-color:#e9ebee;border-top-width:1px;border-top-style:solid;border-top-color:#e9ebee;font-size:14px;color:#60606c;line-height:20px;text-align:center;\"><span style=\"color:#000000;\">30</span></td>\r\n<span style=\"color:#000000;\"> </span></tr>\r\n<span style=\"color:#000000;\"> </span><tr><td style=\"margin:0px;padding:20px 12px;min-height:32px;border-right-width:1px;border-right-style:solid;border-right-color:#e9ebee;border-top-width:1px;border-top-style:solid;border-top-color:#e9ebee;font-size:14px;color:#60606c;line-height:20px;text-align:center;\"><span style=\"color:#000000;\">深圳发展银行</span></td>\r\n<span style=\"color:#000000;\"> </span><td style=\"margin:0px;padding:20px 12px;min-height:32px;border-right-width:1px;border-right-style:solid;border-right-color:#e9ebee;border-top-width:1px;border-top-style:solid;border-top-color:#e9ebee;font-size:14px;color:#60606c;line-height:20px;text-align:center;\"><span style=\"color:#000000;\">95501</span></td>\r\n<span style=\"color:#000000;\"> </span><td style=\"margin:0px;padding:20px 12px;min-height:32px;border-right-width:1px;border-right-style:solid;border-right-color:#e9ebee;border-top-width:1px;border-top-style:solid;border-top-color:#e9ebee;font-size:14px;color:#60606c;line-height:20px;text-align:center;\"><span style=\"color:#000000;\">30</span></td>\r\n<span style=\"color:#000000;\"> </span></tr>\r\n<span style=\"color:#000000;\"> </span><tr><td style=\"margin:0px;padding:20px 12px;min-height:32px;border-right-width:1px;border-right-style:solid;border-right-color:#e9ebee;border-top-width:1px;border-top-style:solid;border-top-color:#e9ebee;font-size:14px;color:#60606c;line-height:20px;text-align:center;\"><span style=\"color:#000000;\">光大银行</span></td>\r\n<span style=\"color:#000000;\"> </span><td style=\"margin:0px;padding:20px 12px;min-height:32px;border-right-width:1px;border-right-style:solid;border-right-color:#e9ebee;border-top-width:1px;border-top-style:solid;border-top-color:#e9ebee;font-size:14px;color:#60606c;line-height:20px;text-align:center;\"><span style=\"color:#000000;\">95595</span></td>\r\n<span style=\"color:#000000;\"> </span><td style=\"margin:0px;padding:20px 12px;min-height:32px;border-right-width:1px;border-right-style:solid;border-right-color:#e9ebee;border-top-width:1px;border-top-style:solid;border-top-color:#e9ebee;font-size:14px;color:#60606c;line-height:20px;text-align:center;\"><span style=\"color:#000000;\">30</span></td>\r\n<span style=\"color:#000000;\"> </span></tr>\r\n<span style=\"color:#000000;\"> </span><tr><td style=\"margin:0px;padding:20px 12px;min-height:32px;border-right-width:1px;border-right-style:solid;border-right-color:#e9ebee;border-top-width:1px;border-top-style:solid;border-top-color:#e9ebee;font-size:14px;color:#60606c;line-height:20px;text-align:center;\"><span style=\"color:#000000;\">浦东发展银行</span></td>\r\n<span style=\"color:#000000;\"> </span><td style=\"margin:0px;padding:20px 12px;min-height:32px;border-right-width:1px;border-right-style:solid;border-right-color:#e9ebee;border-top-width:1px;border-top-style:solid;border-top-color:#e9ebee;font-size:14px;color:#60606c;line-height:20px;text-align:center;\"><span style=\"color:#000000;\">95528</span></td>\r\n<span style=\"color:#000000;\"> </span><td style=\"margin:0px;padding:20px 12px;min-height:32px;border-right-width:1px;border-right-style:solid;border-right-color:#e9ebee;border-top-width:1px;border-top-style:solid;border-top-color:#e9ebee;font-size:14px;color:#60606c;line-height:20px;text-align:center;\"><span style=\"color:#000000;\">30</span></td>\r\n<span style=\"color:#000000;\"> </span></tr>\r\n<span style=\"color:#000000;\"> </span><tr><td style=\"margin:0px;padding:20px 12px;min-height:32px;border-right-width:1px;border-right-style:solid;border-right-color:#e9ebee;border-top-width:1px;border-top-style:solid;border-top-color:#e9ebee;font-size:14px;color:#60606c;line-height:20px;text-align:center;\"><span style=\"color:#000000;\">民生银行</span></td>\r\n<span style=\"color:#000000;\"> </span><td style=\"margin:0px;padding:20px 12px;min-height:32px;border-right-width:1px;border-right-style:solid;border-right-color:#e9ebee;border-top-width:1px;border-top-style:solid;border-top-color:#e9ebee;font-size:14px;color:#60606c;line-height:20px;text-align:center;\"><span style=\"color:#000000;\">95568</span></td>\r\n<span style=\"color:#000000;\"> </span><td style=\"margin:0px;padding:20px 12px;min-height:32px;border-right-width:1px;border-right-style:solid;border-right-color:#e9ebee;border-top-width:1px;border-top-style:solid;border-top-color:#e9ebee;font-size:14px;color:#60606c;line-height:20px;text-align:center;\"><span style=\"color:#000000;\">30</span></td>\r\n<span style=\"color:#000000;\"> </span></tr>\r\n<span style=\"color:#000000;\"> </span><tr><td style=\"margin:0px;padding:20px 12px;min-height:32px;border-right-width:1px;border-right-style:solid;border-right-color:#e9ebee;border-top-width:1px;border-top-style:solid;border-top-color:#e9ebee;font-size:14px;color:#60606c;line-height:20px;text-align:center;\"><span style=\"color:#000000;\">广东发展银行</span></td>\r\n<span style=\"color:#000000;\"> </span><td style=\"margin:0px;padding:20px 12px;min-height:32px;border-right-width:1px;border-right-style:solid;border-right-color:#e9ebee;border-top-width:1px;border-top-style:solid;border-top-color:#e9ebee;font-size:14px;color:#60606c;line-height:20px;text-align:center;\"><span style=\"color:#000000;\">95508</span></td>\r\n<span style=\"color:#000000;\"> </span><td style=\"margin:0px;padding:20px 12px;min-height:32px;border-right-width:1px;border-right-style:solid;border-right-color:#e9ebee;border-top-width:1px;border-top-style:solid;border-top-color:#e9ebee;font-size:14px;color:#60606c;line-height:20px;text-align:center;\"><span style=\"color:#000000;\">30</span></td>\r\n<span style=\"color:#000000;\"> </span></tr>\r\n<span style=\"color:#000000;\"> </span><tr><td style=\"margin:0px;padding:20px 12px;min-height:32px;border-right-width:1px;border-right-style:solid;border-right-color:#e9ebee;border-top-width:1px;border-top-style:solid;border-top-color:#e9ebee;font-size:14px;color:#60606c;line-height:20px;text-align:center;\"><span style=\"color:#000000;\">华夏银行</span></td>\r\n<span style=\"color:#000000;\"> </span><td style=\"margin:0px;padding:20px 12px;min-height:32px;border-right-width:1px;border-right-style:solid;border-right-color:#e9ebee;border-top-width:1px;border-top-style:solid;border-top-color:#e9ebee;font-size:14px;color:#60606c;line-height:20px;text-align:center;\"><span style=\"color:#000000;\">95577</span></td>\r\n<span style=\"color:#000000;\"> </span><td style=\"margin:0px;padding:20px 12px;min-height:32px;border-right-width:1px;border-right-style:solid;border-right-color:#e9ebee;border-top-width:1px;border-top-style:solid;border-top-color:#e9ebee;font-size:14px;color:#60606c;line-height:20px;text-align:center;\"><span style=\"color:#000000;\">30</span></td>\r\n<span style=\"color:#000000;\"> </span></tr>\r\n<span style=\"color:#000000;\"> </span><tr><td style=\"margin:0px;padding:20px 12px;min-height:32px;border-right-width:1px;border-right-style:solid;border-right-color:#e9ebee;border-top-width:1px;border-top-style:solid;border-top-color:#e9ebee;font-size:14px;color:#60606c;line-height:20px;text-align:center;\"><span style=\"color:#000000;\">中信银行</span></td>\r\n<span style=\"color:#000000;\"> </span><td style=\"margin:0px;padding:20px 12px;min-height:32px;border-right-width:1px;border-right-style:solid;border-right-color:#e9ebee;border-top-width:1px;border-top-style:solid;border-top-color:#e9ebee;font-size:14px;color:#60606c;line-height:20px;text-align:center;\"><span style=\"color:#000000;\">95558</span></td>\r\n<span style=\"color:#000000;\"> </span><td style=\"margin:0px;padding:20px 12px;min-height:32px;border-right-width:1px;border-right-style:solid;border-right-color:#e9ebee;border-top-width:1px;border-top-style:solid;border-top-color:#e9ebee;font-size:14px;color:#60606c;line-height:20px;text-align:center;\"><span style=\"color:#000000;\">30</span></td>\r\n<span style=\"color:#000000;\"> </span></tr>\r\n<span style=\"color:#000000;\"> </span></tbody>\r\n<span style=\"color:#000000;\"> </span></table>\r\n<span style=\"color:#000000;\"> </span><p style=\"margin-top:0px;margin-bottom:0px;padding:0px;font-size:14px;color:#93939e;line-height:30px;font-family:\'Microsoft yahei\', sans-serif;\"><span style=\"color:#000000;\">　　　■ 押金：如在您还车后30天内没有查询到车辆违章或查询到的违章您已提供处理凭证，我们将向您退还租车押金：</span><br />\r\n<span style=\"color:#000000;\"> 　　　　　◇ 银行卡押金：由于各银行的退款政策和退款周期不同，退款最长在我们发起退款后的15-20个工作日返还到您的刷卡账户；</span><br />\r\n<span style=\"color:#000000;\"> 　　　　　◇ 储值卡押金：退款将在次日退还到您的储值卡账户，最长不超过3个工作日到账。</span><br />\r\n<span style=\"color:#000000;\"> 　　　b) 如有违章，但您不便自行处理或按期处理：</span><br />\r\n<span style=\"color:#000000;\"> 　　　■ 预授权：我们将采用银行托收的方式在您的二次预授权中直接扣除违章费用及违章违约金，剩余额度在发卡行银行规定的解冻期限内解冻；</span><br />\r\n<span style=\"color:#000000;\"> 　　　■ 押金：我们将在您的押金中扣除相应费用和违章违约金，剩余押金将退还到您的刷卡账户：</span><br />\r\n<span style=\"color:#000000;\"> 　　　　　◇ 银行卡押金：由于银行流程，退款最长在我们发起退款后的15-20个工作日返还到您的刷卡账户；</span><br />\r\n<span style=\"color:#000000;\"> 　　　　　◇ 储值卡押金：次日退款到您的储值卡账户，最长不超过3个工作日。</span></p>\r\n<span style=\"color:#000000;\"> </span><div><br />\r\n</div>',3),(23,'会员章程','<div><h2 style=\"margin:0px;padding:0px;text-align:center;line-height:80px;font-size:18px;color:#60606c;font-weight:normal;border-bottom-width:1px;border-bottom-style:solid;border-bottom-color:#e9ebee;font-family:Helvetica, \'Microsoft yahei\', Arial, Verdana, SimHei, sans-serif;\"><span style=\"color:#000000;\">会员章程</span></h2>\r\n<span style=\"color:#000000;\"> </span><div style=\"margin:0px;padding:0px;color:#333333;font-family:Helvetica, \'Microsoft yahei\', Arial, Verdana, SimHei, sans-serif;\"><h3 style=\"margin:0px;padding:30px 0px 0px;font-size:16px;color:#60606c;font-weight:normal;line-height:32px;\"><span style=\"color:#000000;\">第一章 总则</span></h3>\r\n<span style=\"color:#000000;\"> </span><p style=\"margin-top:0px;margin-bottom:0px;padding:0px;color:#93939e;line-height:24px;\"><span style=\"color:#000000;\">盈通租车竭诚为客户提供简单、安全、省钱的租车服务。为明确会员的权利和义务，特制定本章程。</span></p>\r\n<span style=\"color:#000000;\"> </span><h3 style=\"margin:0px;padding:30px 0px 0px;font-size:16px;color:#60606c;font-weight:normal;line-height:32px;\"><span style=\"color:#000000;\">第二章 会员资格</span></h3>\r\n<span style=\"color:#000000;\"> </span><p style=\"margin-top:0px;margin-bottom:0px;padding:0px;color:#93939e;line-height:24px;\"><span style=\"color:#000000;\">凡年龄在18周岁（含）以上、持有有效证件的客户，均可申请入会。</span></p>\r\n<span style=\"color:#000000;\"> </span><h3 style=\"margin:0px;padding:30px 0px 0px;font-size:16px;color:#60606c;font-weight:normal;line-height:32px;\"><span style=\"color:#000000;\">第三章 会员级别说明</span></h3>\r\n<span style=\"color:#000000;\"> </span><p style=\"margin-top:0px;margin-bottom:0px;padding:0px;color:#93939e;line-height:24px;\"><span style=\"display:block;font-size:14px;color:#000000;line-height:30px;\">3.1 普卡会员</span><span style=\"color:#000000;\">3.1.1 会员有效期，自注册之日起永久有效。</span><br />\r\n<span style=\"color:#000000;\"> </span><span style=\"display:block;font-size:14px;color:#000000;line-height:30px;\">3.2 银卡、金卡、白金卡和钻石卡会员</span><span style=\"color:#000000;\">3.2.1 会员积分满一定分值（具体分值详见当年公布的《会员体系执行细则》），自动获得相应的银卡、金卡、白金卡或钻石卡会员资格；</span><br />\r\n<span style=\"color:#000000;\"> 3.2.2 会员有效期为一年（自定级/升级之日起）。</span></p>\r\n<span style=\"color:#000000;\"> </span><h3 style=\"margin:0px;padding:30px 0px 0px;font-size:16px;color:#60606c;font-weight:normal;line-height:32px;\"><span style=\"color:#000000;\">第四章 会员待遇</span></h3>\r\n<span style=\"color:#000000;\"> </span><p style=\"margin-top:0px;margin-bottom:0px;padding:0px;color:#93939e;line-height:24px;\"><span style=\"display:block;font-size:14px;color:#000000;line-height:30px;\">4.1 不限里程</span><span style=\"color:#000000;\">所有级别会员，短租自驾租车均不限行驶里程（有固定里程限制的产品除外）。</span><br />\r\n<span style=\"color:#000000;\"> </span><span style=\"display:block;font-size:14px;color:#000000;line-height:30px;\">4.2 积分返还</span><span style=\"color:#000000;\">各级别会员短租自驾消费后，按会员级别不同，享受不同比例的积分返还（不返还积分的特殊产品除外），各级别会员的积分返还比例，详见当年公布的《会员体系执行细则》。</span></p>\r\n<span style=\"color:#000000;\"> </span><h3 style=\"margin:0px;padding:30px 0px 0px;font-size:16px;color:#60606c;font-weight:normal;line-height:32px;\"><span style=\"color:#000000;\">第五章 附则</span></h3>\r\n<span style=\"color:#000000;\"> </span><p style=\"margin-top:0px;margin-bottom:0px;padding:0px;color:#93939e;line-height:24px;\"><span style=\"color:#000000;\">5.1 《会员体系执行细则》是本章程的有效补充部分。</span><br />\r\n<span style=\"color:#000000;\"> 5.2&nbsp;盈通租车有权在任何时候更改神州租车会员服务计划的任何规定或终止当年会员服务计划，即使计划的修改或终止会影响会员积分累计或返还的权利，且不承担事先通知的义务。</span><br />\r\n<span style=\"color:#000000;\"> 5.3 本章程由盈通租车制定，盈通租车拥有最终解释权。</span></p>\r\n</div>\r\n<div class=\"neiwen\">\r\n        </div>\r\n    </div>',4),(25,'新手上路','<h1 id=\"xssl01\" class=\"mt0\" style=\"margin:0px 0px 20px;padding:0px;font-weight:400;font-size:24px;color:#60606c;font-family:\'Microsoft yahei\', sans-serif;\"><span style=\"color:#000000;\">如何注册</span></h1>\r\n<span style=\"color:#000000;\"> </span><p style=\"margin-top:0px;margin-bottom:0px;padding:0px;font-size:14px;color:#93939e;line-height:30px;font-family:\'Microsoft yahei\', sans-serif;\"><span style=\"color:#000000;\">1. 点击首页的\"注册\"按钮，进入免费注册页面，按照要求填写注册信息。</span></p>\r\n<span style=\"color:#000000;\"> </span><p style=\"margin-top:0px;margin-bottom:0px;padding:0px;font-size:14px;color:#93939e;line-height:30px;font-family:\'Microsoft yahei\', sans-serif;\"><span style=\"color:#000000;\">2. 仔细阅读会员服务条款，点击\"立即开通\"按钮，完成注册。</span></p>\r\n<span style=\"color:#000000;\"> </span><img src=\"/uploadImg/20160805/20160805172452_623.png\" width=\"700\" title=\"QQ截图20160804172445.png\" alt=\"QQ截图20160804172445.png\" border=\"0\" /><h1 style=\"margin:35px 0px 20px;padding:0px;font-weight:400;font-size:24px;color:#60606c;font-family:\'Microsoft yahei\', sans-serif;\"><span style=\"color:#000000;\">如何登录</span></h1>\r\n<span style=\"color:#000000;\"> </span><p style=\"margin-top:0px;margin-bottom:0px;padding:0px;font-size:14px;color:#93939e;line-height:30px;font-family:\'Microsoft yahei\', sans-serif;\"><span style=\"color:#000000;\">如果您已经是盈通租车会员，请直接使用会员卡号、注册手机号码或注册证件号登录。</span></p>\r\n<span style=\"color:#000000;\"> </span><img src=\"/uploadImg/20160805/20160805173704_581.png\" width=\"700\" title=\"QQ截图20160804172445.png\" alt=\"QQ截图20160804172445.png\" border=\"0\" /><h1 id=\"xssl02\" style=\"margin:35px 0px 20px;padding:0px;font-weight:400;font-size:24px;color:#60606c;font-family:\'Microsoft yahei\', sans-serif;\"><span style=\"color:#000000;\">网站预订</span></h1>\r\n<span style=\"color:#000000;\"> </span><p style=\"margin-top:0px;margin-bottom:0px;padding:0px;font-size:14px;color:#93939e;line-height:30px;font-family:\'Microsoft yahei\', sans-serif;\"><span style=\"color:#000000;\">登录 www.yt-car.cn，按网页提示进行预订。</span></p>',5),(26,'常见问题','<div><span style=\"font-family:\'Microsoft YaHei\';font-size:14px;color:#000000;\">01. 客户具备什么条件可享受租车服务？收起</span></div>\r\n<span style=\"color:#000000;\"> </span><div><span style=\"font-family:\'Microsoft YaHei\';font-size:14px;color:#000000;\">（1）年龄在18周岁（含）以上；</span></div>\r\n<span style=\"color:#000000;\"> </span><div><span style=\"font-family:\'Microsoft YaHei\';font-size:14px;color:#000000;\">（2）拥有大陆地区有效驾驶证；（3）提供本人有效身份证明；</span></div>\r\n<span style=\"color:#000000;\"> </span><div><span style=\"font-family:\'Microsoft YaHei\';font-size:14px;color:#000000;\">（4）持有本人有效信用卡或国内借记卡。</span></div>\r\n<span style=\"color:#000000;\"> </span><div><br />\r\n<span style=\"color:#000000;\"> </span></div>\r\n<span style=\"color:#000000;\"> </span><div><span style=\"font-family:\'Microsoft YaHei\';font-size:14px;color:#000000;\">02. 哪些身份证明可以作为租车的身份证件？收起</span></div>\r\n<span style=\"color:#000000;\"> </span><div><span style=\"font-family:\'Microsoft YaHei\';font-size:14px;color:#000000;\">目前，本人有效身份证件包括：</span></div>\r\n<span style=\"color:#000000;\"> </span><div><span style=\"font-family:\'Microsoft YaHei\';font-size:14px;color:#000000;\">境内客户：二代身份证</span></div>\r\n<span style=\"color:#000000;\"> </span><div><span style=\"font-family:\'Microsoft YaHei\';font-size:14px;color:#000000;\">港澳客户：港澳居民来往内地通行证</span></div>\r\n<span style=\"color:#000000;\"> </span><div><span style=\"font-family:\'Microsoft YaHei\';font-size:14px;color:#000000;\">台湾客户：大陆通行证</span></div>\r\n<span style=\"color:#000000;\"> </span><div><span style=\"font-family:\'Microsoft YaHei\';font-size:14px;color:#000000;\">外籍客户：护照，签证/居住证</span></div>\r\n<span style=\"color:#000000;\"> </span><div><br />\r\n<span style=\"color:#000000;\"> </span></div>\r\n<span style=\"color:#000000;\"> </span><div><span style=\"font-family:\'Microsoft YaHei\';font-size:14px;color:#000000;\">03. 我不是中国大陆公民，可以在你们这里租车吗？</span></div>\r\n<span style=\"color:#000000;\"> </span><div><span style=\"font-family:\'Microsoft YaHei\';font-size:14px;color:#000000;\">可以，但是由于外籍客户及港澳台客户身份验证时间较长，所以您第一次租车时，请提前至少1个工作日向预订部门提供您的签证、护照扫描件或传真件，以保证您能按时用车；请特别留意，周末及法定节假日无法进行身份验证。</span></div>\r\n<span style=\"color:#000000;\"> </span><div><br />\r\n<span style=\"color:#000000;\"> </span></div>\r\n<span style=\"color:#000000;\"> </span><div><span style=\"font-family:\'Microsoft YaHei\';font-size:14px;color:#000000;\">04. 租车有户籍限制吗？收起</span></div>\r\n<span style=\"color:#000000;\"> </span><div><span style=\"font-family:\'Microsoft YaHei\';font-size:14px;color:#000000;\">没有。</span></div>\r\n<span style=\"color:#000000;\"> </span><div><br />\r\n<span style=\"color:#000000;\"> </span></div>\r\n<span style=\"color:#000000;\"> </span><div><span style=\"font-family:\'Microsoft YaHei\';font-size:14px;color:#000000;\">05. 如果本人没有信用卡或信用卡额度不足，可以租车吗？</span></div>\r\n<span style=\"color:#000000;\"> </span><div><span style=\"font-family:\'Microsoft YaHei\';font-size:14px;color:#000000;\">如果您没有信用卡或额度不足，您可以请有信用卡的亲友为您担保，担保人需持有效身份证件、足够额度的信用卡，和您一同到店取车并在《租车单》上签字，担保人将对您租车期间所产生的一切费用及责任承担无限连带责任；</span></div>\r\n<span style=\"color:#000000;\"> </span><div><span style=\"font-family:\'Microsoft YaHei\';font-size:14px;color:#000000;\">此外，标准租车预授权在5000元及以下的车型，非首次租车时，可以使用国内借记卡支付与租车预授权相等额度的押金。</span></div>\r\n<span style=\"color:#000000;\"> </span><div><br />\r\n<span style=\"color:#000000;\"> </span></div>\r\n<span style=\"color:#000000;\"> </span><div><span style=\"font-family:\'Microsoft YaHei\';font-size:14px;color:#000000;\">06. 租车时，如果我没有足够额度的信用卡，能不能用两张信用卡累计进行预授权担保？收起</span></div>\r\n<span style=\"color:#000000;\"> </span><div><span style=\"font-family:\'Microsoft YaHei\';font-size:14px;color:#000000;\">很抱歉，盈通租车不接受两张信用卡刷取同一笔预授权，建议您寻找一位符合条件的信用卡担保人为您担保，或者您可以租用预授权在5000元及以下的车型并使用国内借记卡支付押金。</span></div>\r\n<span style=\"color:#000000;\"> </span><div><br />\r\n<span style=\"color:#000000;\"> </span></div>\r\n<span style=\"color:#000000;\"> </span><div><span style=\"font-family:\'Microsoft YaHei\';font-size:14px;color:#000000;\">07. 租车时是否能够用现金作为担保押金？收起</span></div>\r\n<span style=\"color:#000000;\"> </span><div><span style=\"font-family:\'Microsoft YaHei\';font-size:14px;color:#000000;\">很抱歉，盈通租车不接受现金担保。</span></div>\r\n<span style=\"color:#000000;\"> </span><div><br />\r\n<span style=\"color:#000000;\"> </span></div>\r\n<span style=\"color:#000000;\"> </span><div><span style=\"font-family:\'Microsoft YaHei\';font-size:14px;color:#000000;\">08. 如何预订租车服务？收起</span></div>\r\n<span style=\"color:#000000;\"> </span><div><span style=\"font-family:\'Microsoft YaHei\';font-size:14px;color:#000000;\">您可以通过以下几种方式预订：</span></div>\r\n<span style=\"color:#000000;\"> </span><div><span style=\"font-family:\'Microsoft YaHei\';font-size:14px;color:#000000;\">1、网上预订：登录www.yt-car.cn，按网页提示进行预订；</span></div>\r\n<span style=\"color:#000000;\"> </span><div><span style=\"font-family:\'Microsoft YaHei\';font-size:14px;color:#000000;\">2、电话预订：致电盈通租车24小时客户服务中心0571-86913303，由客服人员协助办理；</span></div>\r\n<span style=\"color:#000000;\"> </span><div><span style=\"font-family:\'Microsoft YaHei\';font-size:14px;color:#000000;\">3、门店预订：光临盈通租车各城市的门店，由门店人员协助办理。预订成功后，您将收到盈通租车发送的确认短信。</span></div>',5),(28,'服务规则','<h1 id=\"fwgz01\" class=\"mt0\" style=\"margin:0px 0px 20px;padding:0px;font-weight:400;font-size:24px;color:#60606c;font-family:\'Microsoft yahei\', sans-serif;\"><span style=\"color:#000000;font-family:\'Microsoft YaHei\';\">服务时间</span></h1>\r\n<span style=\"color:#000000;font-family:\'Microsoft YaHei\';\"> </span><p style=\"margin-top:0px;margin-bottom:0px;padding:0px;font-size:14px;color:#93939e;line-height:30px;font-family:\'Microsoft yahei\', sans-serif;\"><span style=\"color:#000000;font-family:\'Microsoft YaHei\';\">1. 客服中心 (0571-86913303):　　7×24小时</span><br />\r\n<span style=\"color:#000000;font-family:\'Microsoft YaHei\';\"> 2. 门店：</span><br />\r\n<span style=\"color:#000000;font-family:\'Microsoft YaHei\';\"> 　(1) 机场店/市区24小时店　　　　　　　　 7×24小时</span><br />\r\n<span style=\"color:#000000;font-family:\'Microsoft YaHei\';\"> 　(2) 火车站店/高铁站店/市区非24小时店　　08:00-21:00</span><br />\r\n<span style=\"color:#000000;font-family:\'Microsoft YaHei\';\"> 3. 服务点：</span><br />\r\n<span style=\"color:#000000;font-family:\'Microsoft YaHei\';\"> 　(1) 机场服务点　　7×24小时</span><br />\r\n<span style=\"color:#000000;font-family:\'Microsoft YaHei\';\"> 　(2) 其他服务点*　 09:00-19:00</span><br />\r\n<span style=\"color:#000000;font-family:\'Microsoft YaHei\';\"> 4. 送车上门/上门取车*：08:00-20:00</span><br />\r\n<span style=\"color:#000000;font-family:\'Microsoft YaHei\';\"> 注：节假日期间，上门服务时间可能调整，敬请留意网站可预订时间。</span></p>\r\n<span style=\"color:#000000;font-family:\'Microsoft YaHei\';\"> </span><h1 id=\"fwgz02\" style=\"margin:35px 0px 20px;padding:0px;font-weight:400;font-size:24px;color:#60606c;font-family:\'Microsoft yahei\', sans-serif;\"><span style=\"color:#000000;font-family:\'Microsoft YaHei\';\">短租自驾产品</span></h1>\r\n<span style=\"color:#000000;font-family:\'Microsoft YaHei\';\"> </span><h2 style=\"margin:15px 0px 8px;padding:0px;font-weight:400;font-size:18px;color:#60606c;font-family:\'Microsoft yahei\', sans-serif;\"><span style=\"color:#000000;font-family:\'Microsoft YaHei\';\">产品类型</span></h2>\r\n<span style=\"color:#000000;font-family:\'Microsoft YaHei\';\"> </span><p style=\"margin-top:0px;margin-bottom:0px;padding:0px;font-size:14px;color:#93939e;line-height:30px;font-family:\'Microsoft yahei\', sans-serif;\"><span style=\"color:#000000;font-family:\'Microsoft YaHei\';\">我们向您提供89天（含）以下的短租自驾服务，您可以视用车需求选择适合的产品：</span></p>\r\n<span style=\"color:#000000;font-family:\'Microsoft YaHei\';\"> </span><table width=\"100%\" border=\"0\" class=\"hctable ke-zeroborder\" style=\"border-left-width:1px;border-left-style:solid;border-left-color:#e9ebee;border-top-width:1px;border-top-style:solid;border-top-color:#e9ebee;border-bottom-width:1px;border-bottom-style:solid;border-bottom-color:#e9ebee;margin:12px 0px;color:#333333;font-family:\'Microsoft yahei\', sans-serif;font-size:12px;line-height:18px;\"><tbody><tr><th width=\"85\" style=\"margin:0px;padding:0px 0px 0px 15px;height:30px;color:#939393;font-weight:400;border-right-width:1px;border-right-style:solid;border-right-color:#e9ebee;background-color:#f8f8fa;\"><span style=\"color:#000000;font-family:\'Microsoft YaHei\';\">项目</span></th>\r\n<span style=\"color:#000000;font-family:\'Microsoft YaHei\';\"> </span><th width=\"260\" style=\"margin:0px;padding:0px 0px 0px 15px;height:30px;color:#939393;font-weight:400;border-right-width:1px;border-right-style:solid;border-right-color:#e9ebee;background-color:#f8f8fa;\"><span style=\"color:#000000;font-family:\'Microsoft YaHei\';\">普通产品</span></th>\r\n<span style=\"color:#000000;font-family:\'Microsoft YaHei\';\"> </span><th width=\"260\" style=\"margin:0px;padding:0px 0px 0px 15px;height:30px;color:#939393;font-weight:400;border-right-width:1px;border-right-style:solid;border-right-color:#e9ebee;background-color:#f8f8fa;\"><span style=\"color:#000000;font-family:\'Microsoft YaHei\';\">周祖/月租产品</span></th>\r\n<span style=\"color:#000000;font-family:\'Microsoft YaHei\';\"> </span><th width=\"260\" style=\"margin:0px;padding:0px 0px 0px 15px;height:30px;color:#939393;font-weight:400;border-right-width:1px;border-right-style:solid;border-right-color:#e9ebee;background-color:#f8f8fa;\"><span style=\"color:#000000;font-family:\'Microsoft YaHei\';\">工作日套餐</span></th>\r\n<span style=\"color:#000000;font-family:\'Microsoft YaHei\';\"> </span></tr>\r\n<span style=\"color:#000000;font-family:\'Microsoft YaHei\';\"> </span><tr><td style=\"margin:0px;padding:20px 12px;min-height:32px;border-right-width:1px;border-right-style:solid;border-right-color:#e9ebee;border-top-width:1px;border-top-style:solid;border-top-color:#e9ebee;font-size:14px;color:#60606c;line-height:20px;\"><span style=\"color:#000000;font-family:\'Microsoft YaHei\';\">价格</span></td>\r\n<span style=\"color:#000000;font-family:\'Microsoft YaHei\';\"> </span><td style=\"margin:0px;padding:20px 12px;min-height:32px;border-right-width:1px;border-right-style:solid;border-right-color:#e9ebee;border-top-width:1px;border-top-style:solid;border-top-color:#e9ebee;font-size:14px;color:#60606c;line-height:20px;\"><span style=\"color:#000000;font-family:\'Microsoft YaHei\';\">正常价</span></td>\r\n<span style=\"color:#000000;font-family:\'Microsoft YaHei\';\"> </span><td style=\"margin:0px;padding:20px 12px;min-height:32px;border-right-width:1px;border-right-style:solid;border-right-color:#e9ebee;border-top-width:1px;border-top-style:solid;border-top-color:#e9ebee;font-size:14px;color:#60606c;line-height:20px;\"><span style=\"color:#000000;font-family:\'Microsoft YaHei\';\">优惠价</span></td>\r\n<span style=\"color:#000000;font-family:\'Microsoft YaHei\';\"> </span><td style=\"margin:0px;padding:20px 12px;min-height:32px;border-right-width:1px;border-right-style:solid;border-right-color:#e9ebee;border-top-width:1px;border-top-style:solid;border-top-color:#e9ebee;font-size:14px;color:#60606c;line-height:20px;\"><span style=\"color:#000000;font-family:\'Microsoft YaHei\';\">优惠价</span></td>\r\n<span style=\"color:#000000;font-family:\'Microsoft YaHei\';\"> </span></tr>\r\n<span style=\"color:#000000;font-family:\'Microsoft YaHei\';\"> </span><tr><td style=\"margin:0px;padding:20px 12px;min-height:32px;border-right-width:1px;border-right-style:solid;border-right-color:#e9ebee;border-top-width:1px;border-top-style:solid;border-top-color:#e9ebee;font-size:14px;color:#60606c;line-height:20px;\"><span style=\"color:#000000;font-family:\'Microsoft YaHei\';\">付款时间</span></td>\r\n<span style=\"color:#000000;font-family:\'Microsoft YaHei\';\"> </span><td style=\"margin:0px;padding:20px 12px;min-height:32px;border-right-width:1px;border-right-style:solid;border-right-color:#e9ebee;border-top-width:1px;border-top-style:solid;border-top-color:#e9ebee;font-size:14px;color:#60606c;line-height:20px;\"><span style=\"color:#000000;font-family:\'Microsoft YaHei\';\">取车时先付或还车时付全款</span></td>\r\n<span style=\"color:#000000;font-family:\'Microsoft YaHei\';\"> </span><td style=\"margin:0px;padding:20px 12px;min-height:32px;border-right-width:1px;border-right-style:solid;border-right-color:#e9ebee;border-top-width:1px;border-top-style:solid;border-top-color:#e9ebee;font-size:14px;color:#60606c;line-height:20px;\"><span style=\"color:#000000;font-family:\'Microsoft YaHei\';\">取车时付全款</span></td>\r\n<span style=\"color:#000000;font-family:\'Microsoft YaHei\';\"> </span><td style=\"margin:0px;padding:20px 12px;min-height:32px;border-right-width:1px;border-right-style:solid;border-right-color:#e9ebee;border-top-width:1px;border-top-style:solid;border-top-color:#e9ebee;font-size:14px;color:#60606c;line-height:20px;\"><span style=\"color:#000000;font-family:\'Microsoft YaHei\';\">取车时付全款</span></td>\r\n<span style=\"color:#000000;font-family:\'Microsoft YaHei\';\"> </span></tr>\r\n<span style=\"color:#000000;font-family:\'Microsoft YaHei\';\"> </span><tr><td style=\"margin:0px;padding:20px 12px;min-height:32px;border-right-width:1px;border-right-style:solid;border-right-color:#e9ebee;border-top-width:1px;border-top-style:solid;border-top-color:#e9ebee;font-size:14px;color:#60606c;line-height:20px;\"><span style=\"color:#000000;font-family:\'Microsoft YaHei\';\">租期限制</span></td>\r\n<span style=\"color:#000000;font-family:\'Microsoft YaHei\';\"> </span><td style=\"margin:0px;padding:20px 12px;min-height:32px;border-right-width:1px;border-right-style:solid;border-right-color:#e9ebee;border-top-width:1px;border-top-style:solid;border-top-color:#e9ebee;font-size:14px;color:#60606c;line-height:20px;\"><span style=\"color:#000000;font-family:\'Microsoft YaHei\';\">最短1天（不满1天视为1天）,最长27天</span></td>\r\n<span style=\"color:#000000;font-family:\'Microsoft YaHei\';\"> </span><td style=\"margin:0px;padding:20px 12px;min-height:32px;border-right-width:1px;border-right-style:solid;border-right-color:#e9ebee;border-top-width:1px;border-top-style:solid;border-top-color:#e9ebee;font-size:14px;color:#60606c;line-height:20px;\"><span style=\"color:#000000;font-family:\'Microsoft YaHei\';\">周租最短7天（含），最长27天（含）；月租最短28天（含），最长89天（含）</span></td>\r\n<span style=\"color:#000000;font-family:\'Microsoft YaHei\';\"> </span><td style=\"margin:0px;padding:20px 12px;min-height:32px;border-right-width:1px;border-right-style:solid;border-right-color:#e9ebee;border-top-width:1px;border-top-style:solid;border-top-color:#e9ebee;font-size:14px;color:#60606c;line-height:20px;\"><span style=\"color:#000000;font-family:\'Microsoft YaHei\';\">最短4天（含），最长6天（含），租期内必须包含周一至周四，且取车时间在周日16:00至周一12：00，还车时间需在周四16:00至周五12：00</span></td>\r\n<span style=\"color:#000000;font-family:\'Microsoft YaHei\';\"> </span></tr>\r\n<span style=\"color:#000000;font-family:\'Microsoft YaHei\';\"> </span><tr><td style=\"margin:0px;padding:20px 12px;min-height:32px;border-right-width:1px;border-right-style:solid;border-right-color:#e9ebee;border-top-width:1px;border-top-style:solid;border-top-color:#e9ebee;font-size:14px;color:#60606c;line-height:20px;\"><span style=\"color:#000000;font-family:\'Microsoft YaHei\';\">提前还车</span></td>\r\n<span style=\"color:#000000;font-family:\'Microsoft YaHei\';\"> </span><td style=\"margin:0px;padding:20px 12px;min-height:32px;border-right-width:1px;border-right-style:solid;border-right-color:#e9ebee;border-top-width:1px;border-top-style:solid;border-top-color:#e9ebee;font-size:14px;color:#60606c;line-height:20px;\"><span style=\"color:#000000;font-family:\'Microsoft YaHei\';\">提前通知，按实际租期结算</span></td>\r\n<span style=\"color:#000000;font-family:\'Microsoft YaHei\';\"> </span><td style=\"margin:0px;padding:20px 12px;min-height:32px;border-right-width:1px;border-right-style:solid;border-right-color:#e9ebee;border-top-width:1px;border-top-style:solid;border-top-color:#e9ebee;font-size:14px;color:#60606c;line-height:20px;\"><span style=\"color:#000000;font-family:\'Microsoft YaHei\';\">多付金额不退</span></td>\r\n<span style=\"color:#000000;font-family:\'Microsoft YaHei\';\"> </span><td style=\"margin:0px;padding:20px 12px;min-height:32px;border-right-width:1px;border-right-style:solid;border-right-color:#e9ebee;border-top-width:1px;border-top-style:solid;border-top-color:#e9ebee;font-size:14px;color:#60606c;line-height:20px;\"><span style=\"color:#000000;font-family:\'Microsoft YaHei\';\">多付金额不退</span></td>\r\n<span style=\"color:#000000;font-family:\'Microsoft YaHei\';\"> </span></tr>\r\n<span style=\"color:#000000;font-family:\'Microsoft YaHei\';\"> </span><tr><td style=\"margin:0px;padding:20px 12px;min-height:32px;border-right-width:1px;border-right-style:solid;border-right-color:#e9ebee;border-top-width:1px;border-top-style:solid;border-top-color:#e9ebee;font-size:14px;color:#60606c;line-height:20px;\"><span style=\"color:#000000;font-family:\'Microsoft YaHei\';\">行驶里程</span></td>\r\n<span style=\"color:#000000;font-family:\'Microsoft YaHei\';\"> </span><td style=\"margin:0px;padding:20px 12px;min-height:32px;border-right-width:1px;border-right-style:solid;border-right-color:#e9ebee;border-top-width:1px;border-top-style:solid;border-top-color:#e9ebee;font-size:14px;color:#60606c;line-height:20px;\"><span style=\"color:#000000;font-family:\'Microsoft YaHei\';\">不限里程</span></td>\r\n<span style=\"color:#000000;font-family:\'Microsoft YaHei\';\"> </span><td style=\"margin:0px;padding:20px 12px;min-height:32px;border-right-width:1px;border-right-style:solid;border-right-color:#e9ebee;border-top-width:1px;border-top-style:solid;border-top-color:#e9ebee;font-size:14px;color:#60606c;line-height:20px;\"><span style=\"color:#000000;font-family:\'Microsoft YaHei\';\">不限里程</span></td>\r\n<span style=\"color:#000000;font-family:\'Microsoft YaHei\';\"> </span><td style=\"margin:0px;padding:20px 12px;min-height:32px;border-right-width:1px;border-right-style:solid;border-right-color:#e9ebee;border-top-width:1px;border-top-style:solid;border-top-color:#e9ebee;font-size:14px;color:#60606c;line-height:20px;\"><span style=\"color:#000000;font-family:\'Microsoft YaHei\';\">不限里程</span></td>\r\n<span style=\"color:#000000;font-family:\'Microsoft YaHei\';\"> </span></tr>\r\n<span style=\"color:#000000;font-family:\'Microsoft YaHei\';\"> </span><tr><td style=\"margin:0px;padding:20px 12px;min-height:32px;border-right-width:1px;border-right-style:solid;border-right-color:#e9ebee;border-top-width:1px;border-top-style:solid;border-top-color:#e9ebee;font-size:14px;color:#60606c;line-height:20px;\"><span style=\"color:#000000;font-family:\'Microsoft YaHei\';\">会员积分</span></td>\r\n<span style=\"color:#000000;font-family:\'Microsoft YaHei\';\"> </span><td style=\"margin:0px;padding:20px 12px;min-height:32px;border-right-width:1px;border-right-style:solid;border-right-color:#e9ebee;border-top-width:1px;border-top-style:solid;border-top-color:#e9ebee;font-size:14px;color:#60606c;line-height:20px;\"><span style=\"color:#000000;font-family:\'Microsoft YaHei\';\">会员积分</span></td>\r\n<span style=\"color:#000000;font-family:\'Microsoft YaHei\';\"> </span><td style=\"margin:0px;padding:20px 12px;min-height:32px;border-right-width:1px;border-right-style:solid;border-right-color:#e9ebee;border-top-width:1px;border-top-style:solid;border-top-color:#e9ebee;font-size:14px;color:#60606c;line-height:20px;\"><span style=\"color:#000000;font-family:\'Microsoft YaHei\';\">会员积分</span></td>\r\n<span style=\"color:#000000;font-family:\'Microsoft YaHei\';\"> </span><td style=\"margin:0px;padding:20px 12px;min-height:32px;border-right-width:1px;border-right-style:solid;border-right-color:#e9ebee;border-top-width:1px;border-top-style:solid;border-top-color:#e9ebee;font-size:14px;color:#60606c;line-height:20px;\"><span style=\"color:#000000;font-family:\'Microsoft YaHei\';\">会员积分</span></td>\r\n<span style=\"color:#000000;font-family:\'Microsoft YaHei\';\"> </span></tr>\r\n<span style=\"color:#000000;font-family:\'Microsoft YaHei\';\"> </span></tbody>\r\n<span style=\"color:#000000;font-family:\'Microsoft YaHei\';\"> </span></table>\r\n<span style=\"color:#000000;font-family:\'Microsoft YaHei\';\"> </span><p style=\"margin-top:0px;margin-bottom:0px;padding:0px;font-size:14px;color:#93939e;line-height:30px;font-family:\'Microsoft yahei\', sans-serif;\"><span style=\"color:#000000;font-family:\'Microsoft YaHei\';\">提示：为预留车辆，部分紧缺产品（如节假日订单）或特价产品（如顺风车、预付产品），预订时需一次性预付车辆租赁费、门店服务费，敬请留意。</span></p>',5);

/*Table structure for table `yt_brand` */

DROP TABLE IF EXISTS `yt_brand`;

CREATE TABLE `yt_brand` (
  `id` int(11) NOT NULL AUTO_INCREMENT,
  `name` varchar(100) DEFAULT NULL COMMENT '品牌名称',
  `num` int(11) DEFAULT NULL COMMENT '序号',
  PRIMARY KEY (`id`)
) ENGINE=MyISAM AUTO_INCREMENT=52 DEFAULT CHARSET=gbk;

/*Data for the table `yt_brand` */

insert  into `yt_brand`(`id`,`name`,`num`) values (1,'奥迪',60),(2,'宝马',50),(3,'奔驰',47),(6,'别克',1),(14,'大众',30),(15,'丰田',40),(46,'东风',1),(47,'福克斯',0),(48,'哈弗',0),(49,'马自达',0),(50,'起亚',0),(51,'雪铁龙',0),(45,'本田',45);

/*Table structure for table `yt_car` */

DROP TABLE IF EXISTS `yt_car`;

CREATE TABLE `yt_car` (
  `id` int(11) NOT NULL AUTO_INCREMENT,
  `name` varchar(100) DEFAULT NULL COMMENT '车名',
  `vehicle_id` int(11) DEFAULT NULL COMMENT '车型',
  `price_id` int(11) DEFAULT NULL COMMENT '价格',
  `brand_id` int(11) DEFAULT NULL COMMENT '品牌',
  `path` varchar(100) DEFAULT NULL COMMENT '图片logo路径',
  `place` varchar(20) DEFAULT NULL COMMENT '厢数',
  `autoNum` varchar(20) DEFAULT NULL COMMENT '自动数',
  `seatNum` varchar(20) DEFAULT NULL COMMENT '座位数',
  `original_price` double DEFAULT NULL,
  `favourable_price` double DEFAULT NULL COMMENT '在线支付金额/日均',
  `buyAddr` varchar(100) DEFAULT NULL COMMENT '取车地点',
  `sendAddr` varchar(100) DEFAULT NULL COMMENT '还车地点',
  `state` char(10) DEFAULT NULL COMMENT '是否在首页的状态',
  `days` int(11) NOT NULL COMMENT '租用天数',
  `titleAddr_id` int(11) NOT NULL COMMENT '市区ID',
  `rent_status` varchar(10) DEFAULT NULL,
  `num` int(11) DEFAULT NULL,
  PRIMARY KEY (`id`,`days`,`titleAddr_id`)
) ENGINE=MyISAM AUTO_INCREMENT=79 DEFAULT CHARSET=gbk;

/*Data for the table `yt_car` */

insert  into `yt_car`(`id`,`name`,`vehicle_id`,`price_id`,`brand_id`,`path`,`place`,`autoNum`,`seatNum`,`original_price`,`favourable_price`,`buyAddr`,`sendAddr`,`state`,`days`,`titleAddr_id`,`rent_status`,`num`) values (54,'宝马5系',4,21,2,'uploadstart/20160825_17145010.png','3','4','5',1250,1100,'江晖路星光大道服务点','江晖路星光大道服务点','0',88,8,'0',10),(51,'奥迪A4L',4,20,1,'uploadstart/20160825_17020798.png','3','2.6','5',419,399,'江晖路星光大道服务点','江晖路星光大道服务点','0',88,8,'1',0),(52,'奥迪A6L',4,21,1,'uploadstart/20160825_17135370.png','3','4','5',769,749,'江晖路星光大道服务点','江晖路星光大道服务点','0',88,8,'0',10),(53,'宝马3系',4,21,2,'uploadstart/20160825_17142466.png','4','3','5',899,619,'江晖路星光大道服务点','江晖路星光大道服务点','0',88,8,'0',10),(57,'奔驰S350',4,21,3,'uploadstart/20160825_17223186.png','4','4','5',2200,2000,'江晖路星光大道服务点','江晖路星光大道服务点','0',88,8,'0',10),(60,'本田crv',1,20,45,'uploadstart/20160825_17243255.png','2','4','5',439,399,'江晖路星光大道服务点','江晖路星光大道服务点','0',88,8,'0',10),(61,'本田艾力绅',3,21,45,'uploadstart/20160825_17252433.png','3','4','7',655,627,'江晖路星光大道服务点','江晖路星光大道服务点','0',88,8,'0',10),(62,'本田杰德',3,20,45,'uploadstart/20160825_17255650.png','2','4','5',388,348,'江晖路星光大道服务点','江晖路星光大道服务点','0',88,8,'0',10),(63,'本田思铭',1,19,45,'uploadstart/20160825_17264850.png','4','3','5',255,238,'江晖路星光大道服务点','江晖路星光大道服务点','0',88,8,'0',10),(65,'别克gl8',1,21,6,'uploadstart/20160825_17272311.png','4','4','7',655,627,'江晖路星光大道服务点','江晖路星光大道服务点','0',88,8,'0',10),(67,'别克gt英朗',3,19,6,'uploadstart/20160825_17281484.png','3','4','5',259,239,'江晖路星光大道服务点','江晖路星光大道服务点','0',88,8,'0',10),(68,'别克凯越',1,19,6,'uploadstart/20160825_17283711.png','3','4','5',256,238,'江晖路星光大道服务点','江晖路星光大道服务点','0',88,8,'0',10),(70,'丰田凯美瑞',2,20,15,'uploadstart/20160825_17293620.png','3','4','5',399,359,'江晖路星光大道服务点','江晖路星光大道服务点','0',88,8,'0',10),(71,'大众帕萨特',3,20,14,'uploadstart/20160825_17303456.png','3','4','5',439,388,'江晖路星光大道服务点','江晖路星光大道服务点','0',88,8,'0',10),(73,'本田雅阁',2,19,45,'uploadstart/20160826_13153367.png','3','4','5',299,269,'江晖路星光大道服务点','江晖路星光大道服务点','0',88,8,'1',0),(74,'福克斯',1,19,47,'uploadstart/20160826_13173550.png','2','4','5',155,135,'江晖路星光大道服务点','江晖路星光大道服务点','0',88,8,'0',10),(75,'哈弗',5,19,48,'uploadstart/20160826_13183680.png','4','4','5',259,239,'江晖路星光大道服务点','江晖路星光大道服务点','0',88,8,'0',20),(76,'马自达cx-4',1,19,49,'uploadstart/20160826_1319293.png','2','4','4',299,245,'江晖路星光大道服务点','江晖路星光大道服务点','0',88,8,'1',0),(77,'起亚k5',1,20,50,'uploadstart/20160826_13202827.png','0','4','5',300,269,'江晖路星光大道服务点','江晖路星光大道服务点','0',88,8,'0',10),(78,'雪铁龙爱丽舍',1,19,51,'uploadstart/20160826_13215269.png','3','4','5',256,238,'江晖路星光大道服务点','江晖路星光大道服务点','0',88,8,'0',10);

/*Table structure for table `yt_enterprise` */

DROP TABLE IF EXISTS `yt_enterprise`;

CREATE TABLE `yt_enterprise` (
  `id` int(11) NOT NULL AUTO_INCREMENT,
  `account` varchar(255) DEFAULT NULL,
  `name` varchar(255) DEFAULT NULL,
  `address` varchar(255) DEFAULT NULL,
  `relation_person` varchar(255) DEFAULT NULL,
  `tel` varchar(255) DEFAULT NULL,
  `email` varchar(255) DEFAULT NULL,
  `apply_time` datetime DEFAULT NULL,
  PRIMARY KEY (`id`)
) ENGINE=MyISAM AUTO_INCREMENT=24 DEFAULT CHARSET=gbk;

/*Data for the table `yt_enterprise` */

insert  into `yt_enterprise`(`id`,`account`,`name`,`address`,`relation_person`,`tel`,`email`,`apply_time`) values (17,'杨俊','杭州万恒广告有限公司','杭州市滨江区滨文路12号万恒创业园12楼','张月峰','15869155845','yangjunst@sina.com','2016-07-14 14:50:45'),(18,'杨俊','杭州万恒广告有限公司','杭州市滨江区滨文路12号万恒创业园12楼','张月峰','18768143568','yangjunst@sina.com','2016-07-14 15:02:15'),(19,'杨俊','杭州万恒广告有限公司','上城区西湖大道1号外海西湖国贸大厦停车场','张月峰','18768143568','yangjunst@sina.com','2016-07-19 16:47:03'),(20,'杨俊','杭州万恒广告有限公司','杭州市滨江区滨文路12号万恒创业园12楼','张月峰','18768143564','yangjunst@sina.com','2016-07-19 16:48:08'),(21,'杨俊','杭州万恒广告有限公司','上城区西湖大道1号外海西湖国贸大厦停车场','张月峰','','yangjunst@sian.com','2016-07-20 09:43:24');

/*Table structure for table `yt_long_rent_service` */

DROP TABLE IF EXISTS `yt_long_rent_service`;

CREATE TABLE `yt_long_rent_service` (
  `id` int(11) NOT NULL AUTO_INCREMENT,
  `days` varchar(255) DEFAULT NULL,
  `car_num` int(11) DEFAULT NULL,
  `brand` varchar(50) DEFAULT NULL,
  `buy_time` varchar(255) DEFAULT NULL,
  `motorcycle` varchar(255) DEFAULT NULL,
  `name` varchar(255) DEFAULT NULL,
  `relation_person` varchar(255) DEFAULT NULL,
  `tel` varchar(20) DEFAULT NULL,
  `email` varchar(255) DEFAULT NULL,
  `apply_time` datetime DEFAULT NULL,
  PRIMARY KEY (`id`)
) ENGINE=MyISAM AUTO_INCREMENT=56 DEFAULT CHARSET=gbk;

/*Data for the table `yt_long_rent_service` */

insert  into `yt_long_rent_service`(`id`,`days`,`car_num`,`brand`,`buy_time`,`motorcycle`,`name`,`relation_person`,`tel`,`email`,`apply_time`) values (54,'3个月',1,'奥迪',NULL,'2011/奥迪A6L/1984/标准版/AT/三厢轿车','盈通','巫华军','15868161666','15868161666@126.com','2016-08-19 17:06:44'),(40,'1个月',4,'本田','2016-07-21',NULL,'杭州万恒广告有限公司','杨俊','18768143560','yangjunst@sina.com','2016-07-14 14:55:38'),(53,'1个月',2,'奥迪','2016-08-17','2011/奥迪A6L/2393/技术领先型/CVT/三厢轿车','杭州万恒','张','15869155844','assa@qq.com','2016-08-05 16:00:30');

/*Table structure for table `yt_motorcycle` */

DROP TABLE IF EXISTS `yt_motorcycle`;

CREATE TABLE `yt_motorcycle` (
  `id` int(11) NOT NULL AUTO_INCREMENT,
  `name` varchar(255) DEFAULT NULL,
  `brand_id` int(11) DEFAULT NULL,
  `num` int(11) DEFAULT NULL,
  PRIMARY KEY (`id`)
) ENGINE=MyISAM AUTO_INCREMENT=225 DEFAULT CHARSET=gbk;

/*Data for the table `yt_motorcycle` */

insert  into `yt_motorcycle`(`id`,`name`,`brand_id`,`num`) values (6,'2011/奥迪A6L/1984/标准版/AT/三厢轿车',1,0),(7,'2011/奥迪A6L/2773/舒适型/CVT/三厢轿车',1,0),(9,'2011/奥迪A6L/2393/技术领先型/CVT/三厢轿车',1,0),(10,'2012/奥迪A6L/2773/舒适型/CVT/三厢轿车',1,0),(39,'2011/雪铁龙C5 /2253/尊雅型/AT/三厢轿车',26,0),(12,'2012/奥迪A6L/2995/豪华型/AT/三厢轿车',1,0),(13,'2013/奥迪A4L/1984/标准版/AT/三厢轿车',1,0),(38,'2009/雪铁龙新爱丽舍/1587/科技型/MT/两厢轿车',26,0),(16,'2013/宝马3系/1997/时尚型/AT/三厢轿车',2,0),(17,'2012/宝马3系/1997/领先型/AT/三厢轿车',2,0),(18,'2012/宝马3系/2497/时尚型/AMT/三厢轿车',2,0),(19,'2012/宝马5系/1997/典雅型/AT/三厢轿车',2,0),(20,'2012/宝马5系/1997/领先型/AT/三厢轿车',2,0),(21,'2011/宝马5系/1997/领先型/AT/三厢轿车',2,0),(22,'2011/宝马5系/1997/领先型/AT/三厢轿车',2,0),(23,'2010/宝马7系/5972/Li标准版/AT/三厢轿车',2,0),(24,'2010/宝马7系/4395/Li标准版/AT/三厢轿车',2,0),(25,'2009/宝马7系/2979/Li领先型/AT/三厢轿车',2,0),(26,'2012/宝马5系/2996/领先型/AT/三厢轿车',2,0),(27,'2012/本田雅阁/1997/舒适型/AT/三厢轿车',4,0),(28,'2009/本田奥德赛/2354/舒适版/AT/MPV',4,0),(29,'2011/本田奥德赛/2354/舒适版/AT/MPV',4,0),(30,'2011/本田飞度/1339/舒适版/AT/两厢轿车',4,0),(31,'2012/本田思域/1798/舒适版/AT/三厢轿车',4,0),(32,'2011/本田飞度/1497/豪华版/AT/两厢轿车',4,0),(33,'2012/本田锋范/1497/精英版/AT/三厢轿车',4,0),(34,'2012/本田雅阁/2354/标准版/AT/三厢轿车',4,0),(35,'2010/本田CRV/1997/都市版/AT/SUV',4,0),(36,'2010/本田CRV/2354/豪华版/AT/SUV',4,0),(37,'2012/本田CRV/2354/豪华版 /AT/SUV',4,0),(40,'2011/雪铁龙世嘉/1997/锐尚型/AT/三厢轿车',26,0),(41,'2012/雪铁龙C5 /2946/旗舰型/AT/三厢轿车',26,0),(42,'2012/雪铁龙凯旋/1997/经典版/AMT/三厢轿车',26,0),(43,'2011/雪铁龙世嘉/1997/劲雅型/AT/两厢轿车',26,0),(44,'2012/雪铁龙C5/1997/舒适型/MT/三厢轿车',26,0),(45,'2011/雪铁龙新爱丽舍/1587/科技型/MT/三厢轿车',26,0),(46,'2011/雪铁龙新爱丽舍/1587/科技型/MT/两厢轿车',26,0),(47,'2011/雪铁龙新爱丽舍/1587/科技型/AT/两厢轿车',26,0),(48,'2012/雪铁龙新爱丽舍/1587/科技型/AT/三厢轿车',26,0),(49,'2012/雪铁龙世嘉/1587/品尚型/MT/三厢轿车',26,0),(50,'2012/雪铁龙世嘉/1997/品悦型/AT/三厢轿车',26,0),(51,'猎豹 2.4 两驱舒适型',27,0),(54,'猎豹 2.5 四驱舒适型',27,0),(53,'猎豹 2.4 四驱豪华型',27,0),(55,'猎豹 2.5 四驱豪华型',27,0),(57,'2010/本田CRV/2354/豪华版/AT/SUV',45,0),(58,'2014/本田CRV/1997/都市版/AT/SUV',45,0),(59,'2012/本田雅阁/2354/标准版/AT/三厢轿车',45,0),(64,'2011/本田奥德赛/2354/舒适版/AT/MPV',45,0),(66,'2012/本田雅阁/1997/舒适型/AT/三厢轿车',45,0),(67,'2011/标致408/1997/豪华版/AT/三厢轿车',5,0),(68,'2011/标致408/1587/舒适版/AT/三厢轿车',5,0),(69,'2011/标致207/1360/驭乐版/AT/两厢轿车',5,0),(70,'2010/标致307/1587/舒适版/AT/三厢轿车',5,0),(71,'2010/标致307/1587/舒适版/AT/三厢轿车',5,0),(72,'其他',29,0),(73,'其他',30,0),(74,'其他',31,0),(76,'其他',33,0),(77,'其他',34,0),(78,'其他',36,0),(224,'尼桑',46,0),(223,'2015/大众帕萨特1.4T/1390/政采版',14,60),(106,'2012/别克英朗XT/1598/时尚版/AMT/三厢轿车',6,0),(107,'2011/别克英朗XT/1598/时尚版/AT/两厢轿车',6,0),(108,'2012/别克英朗GT/1796/时尚版/AMT/三厢轿车',6,0),(109,'2012/别克英朗GT/1796/时尚版/AMT/三厢轿车',6,0),(110,'2011/别克英朗GT/1796/时尚版/AMT/三厢轿车',6,0),(111,'2011/别克英朗XT/1598/时尚版/AMT/三厢轿车',6,0),(112,'2011/别克英朗GT/1598/时尚版/AMT/两厢轿车',6,0),(113,'2011/别克君威/2384/旗舰版/AT/三厢轿车',6,0),(114,'2012/别克英朗XT/1598/时尚版/AMT/两厢轿车',6,0),(115,'2011/别克英朗XT/1796/时尚版/AMT/两厢轿车',6,0),(116,'2011/别克昂科雷/3564/精英版/AMT/SUV',6,0),(117,'2012/别克君越/1998/舒适版/AT/三厢轿车',6,0),(118,'2011/别克君越/1998/舒适版/AT/三厢轿车',6,0),(119,'2012/别克君越/2994/旗舰版/AT/三厢轿车',6,0),(120,'2012/别克君威/1998/豪华版/AT/三厢轿车',6,0),(121,'2011/别克君威/1998/豪华运动版/AMT/三厢轿车',6,0),(122,'2011/别克君威/1998/舒适天窗版/AMT/三厢轿车',6,0),(124,'2011/别克GL8/2997/豪雅版/AT/MPV',6,0),(125,'2011/别克君越/2994/旗舰版/AT/三厢轿车',6,0),(126,'2010/别克凯越/1598/豪华型/AT/三厢轿车',6,0),(127,'2012/别克君越/2384/雅致版/AT/三厢轿车',6,0),(128,'2012/丰田凯美瑞/1998/耀动版/AT/三厢轿车',15,0),(129,'2011/丰田花冠/1598/经典版/CVT/三厢轿车',15,0),(130,'2012/丰田凯美瑞/2494/凌动版/AT/三厢轿车',15,0),(131,'2011/丰田威驰/1598/天窗版/MT/三厢轿车',15,0),(132,'2010/丰田锐志/2995/风尚旗舰版/AT/三厢轿车',15,0),(133,'2010/丰田锐志 /2497/风度菁华版/AT/三厢轿车',15,0),(134,'2011/丰田锐志/1987/标准版/CVT/三厢轿车',15,0),(135,'2011/丰田卡罗拉 /1798/标准版/CVT/三厢轿车',15,0),(136,'2011/丰田卡罗拉 /1598/标准版/AT/三厢轿车',15,0),(137,'2010/丰田皇冠 /4293/纪念版/AMT/三厢轿车',15,0),(138,'2010/丰田皇冠 /2995/真皮版/AT/三厢轿车',15,0),(139,'2010/丰田皇冠 /2497/标准版/AT/三厢轿车',15,0),(140,'2011/丰田花冠/1598/经典版 /CVT/三厢轿车',15,0),(141,'2012/丰田凯美瑞/1998/豪华导航版/AT/三厢轿车',15,0),(142,'2010/丰田凯美瑞/1998/经典版/AT /三厢轿车',15,0),(170,'2012/斯柯达晶锐/1390/晶致版/AT/两厢轿车',23,0),(171,'2012/斯柯达晶锐/1390/晶致版/MT/两厢轿车',23,0),(174,'2012/斯柯达昊锐 /1390/智雅版/MT/三厢轿车',23,0),(179,'2011 /现代瑞纳/1396/GS/AT/三厢轿车',24,0),(180,'2010 /现代瑞纳/1591/豪华型/AT/两厢轿车',24,0),(181,'2012 /现代iX35/2378/尊贵版/AT/SUV',24,0),(182,'2010 /现代iX35/2378/尊贵版/AT/SUV',24,0),(183,'2011/现代悦动/1795/豪华型/AT/三厢轿车',24,0),(184,'2009/现代名驭/1999/舒适版 /AT/三厢轿车',24,0),(185,'2009 /现代名驭/1795/豪华版/MT/三厢轿车',24,0),(186,'2011/现代索纳塔8代/1999/时尚版/AT/三厢轿车',24,0),(187,'2008/现代领翔/2378/豪华型/AT/三厢轿车',24,0),(188,'2011/现代索纳塔8代/2359/豪华版/AMT/三厢轿车',24,0),(189,'2012 /现代iX35/1999/尊贵版/AT/SUV',24,0),(190,'2012/现代iX35/1999/新锐版/AT/SUV',24,0),(191,'2008/现代领翔/1999/标准版/AT/三厢轿车',24,0),(192,'2010 /现代瑞纳/1396/舒适型/AT/两厢轿车',24,0),(193,'2010 /现代iX35/1999/尊贵版/AT/SUV',24,0),(194,'2011/现代悦动/1591/标准版/AT/三厢轿车',24,0),(195,'2010/雪佛兰赛欧/1399/优逸版/AT/两厢轿车',25,0),(196,'2010/雪佛兰赛欧/1206/理想版/MT/两厢轿车',25,0),(197,'2010/雪佛兰赛欧/1399/优逸版/AT/三厢轿车',25,0),(198,'2010/雪佛兰赛欧/1206/理想版/MT/三厢轿车',25,0),(199,'2011/雪佛兰科鲁兹/1796/舒适型/AT/三厢轿车',25,0),(200,'2011/雪佛兰景程/1796/舒适型/AT/三厢轿车',25,0),(201,'2010/雪佛兰乐风/1400/舒适型/AT/三厢轿车',25,0),(202,'其他',42,0),(203,'2011/奔驰S350/3498/AT/三厢轿车',3,0),(204,'2011/奔驰R300/2996/商务型/AT/MPV',3,0),(205,'2010/奔驰S600/5513/标准版/AT/三厢轿车',3,0),(206,'2010/奔驰S400/3498/AT/三厢轿车',3,0),(207,'2010/奔驰S300/2996/商务型/AT/三厢轿车',3,0),(208,'2011/奔驰S500/4663/AT/三厢轿车',3,0),(209,'2011/奔驰R500/3498/标准版/AT/MPV',3,0),(210,'2011/奔驰R350/3498/标准版/AT/MPV',3,0),(211,'2010/奔驰ML500/3498/AT/SUV',3,0),(212,'2012/奔驰ML350/3498/动感型/AT/SUV',3,0),(213,'2010/奔驰ML350/3498/豪华型/AT/SUV',3,0),(214,'2010/奔驰ML300/3498/AT/SUV',3,0),(215,'2012/奔驰E300/2996/时尚型/AT/三厢轿车',3,0),(216,'2011/奔驰E300/2996/时尚型/AT/三厢轿车',3,0),(217,'2012/奔驰E260/1796/优雅型/AT/三厢轿车',3,0),(218,'2011/奔驰E260/1796/优雅型/AT/三厢轿车',3,0),(219,'2012/奔驰E200/1796/优雅型/AT/三厢轿车',3,0),(220,'2011/奔驰E200/1796/优雅型/AT/三厢轿车',3,0),(222,'2013/本田CRV/2354/豪华版 /AT/SUV',45,50);

/*Table structure for table `yt_order` */

DROP TABLE IF EXISTS `yt_order`;

CREATE TABLE `yt_order` (
  `id` int(11) NOT NULL AUTO_INCREMENT,
  `order_num` varchar(20) DEFAULT NULL COMMENT '订单号',
  `car_id` int(11) DEFAULT NULL COMMENT '车辆ID',
  `buyTime` datetime DEFAULT NULL COMMENT '取车时间',
  `sendTime` datetime DEFAULT NULL COMMENT '还车时间',
  `status` char(10) DEFAULT NULL COMMENT '订单状态',
  `procedure_price` double DEFAULT NULL,
  `basic_insure_price` double DEFAULT NULL,
  `basic_rent_price` double DEFAULT NULL,
  `total_price` double DEFAULT NULL COMMENT '总价',
  `days` int(11) DEFAULT NULL,
  `invoice` varchar(255) DEFAULT NULL COMMENT '单位抬头',
  `receiver` varchar(255) DEFAULT NULL COMMENT '收件人',
  `tel` varchar(11) DEFAULT NULL COMMENT '联系电话',
  `receiver_address` varchar(255) DEFAULT NULL COMMENT '收件地址',
  `car_buy_time` datetime DEFAULT NULL COMMENT '下单时间',
  `user_id` int(11) DEFAULT NULL COMMENT '用户ID',
  `pay_way` varchar(25) DEFAULT NULL COMMENT '支付方式',
  `appId` varchar(255) DEFAULT NULL,
  `timeStamp` varchar(255) DEFAULT NULL,
  `nonceStr` varchar(255) DEFAULT NULL,
  `packageValue` varchar(255) DEFAULT NULL,
  `signType` varchar(255) DEFAULT NULL,
  `paySign` varchar(255) DEFAULT NULL,
  `sendUrl` varchar(255) DEFAULT NULL,
  `agent` varchar(255) DEFAULT NULL,
  `openid` varchar(255) DEFAULT NULL,
  `urlCode` varchar(255) DEFAULT NULL,
  `buyAddr` varchar(255) DEFAULT NULL,
  `sendAddr` varchar(255) DEFAULT NULL,
  PRIMARY KEY (`id`)
) ENGINE=MyISAM AUTO_INCREMENT=345 DEFAULT CHARSET=gbk;

/*Data for the table `yt_order` */

insert  into `yt_order`(`id`,`order_num`,`car_id`,`buyTime`,`sendTime`,`status`,`procedure_price`,`basic_insure_price`,`basic_rent_price`,`total_price`,`days`,`invoice`,`receiver`,`tel`,`receiver_address`,`car_buy_time`,`user_id`,`pay_way`,`appId`,`timeStamp`,`nonceStr`,`packageValue`,`signType`,`paySign`,`sendUrl`,`agent`,`openid`,`urlCode`,`buyAddr`,`sendAddr`) values (331,'1475117043272',54,'2016-09-30 00:00:00','2016-10-26 00:00:00','1',20,780,28600,29400,26,'','','','','2016-09-29 10:44:03',87,NULL,'wx7fd1f69e1fbcfb20','1475117050600','Ie5bVre6oHDOmBbs','prepay_id=wx2016092910441074f6f1de2b0949494529','MD5','D60C0327D046EE3770328C7D6A59ED1F','http://www.yt-car.cn/order/notifyOrder2.do','6','ovD_nwGU-kjx1EB3Z2DV0wByUEjo',NULL,'萧山机场店24H','杭州火车城站服务点24H'),(330,'1474871379781',60,'2016-09-29 00:00:00','2016-10-26 00:00:00','2',20,810,10773,11603,27,'','','','','2016-09-26 14:29:39',62,NULL,'wx7fd1f69e1fbcfb20','1474871382735','B12DLLb5Pxql3XJN','prepay_id=null','MD5','4020ED957C3612DEB5021411E67ADC81','http://www.yt-car.cn/order/notifyOrder2.do','6',NULL,NULL,'萧山机场店24H','杭州火车城站服务点24H'),(328,'1473740410812',54,'2016-09-14 10:00:00','2016-09-23 10:00:00','4',20,270,9,299,9,'','','','','2016-09-13 12:20:10',62,NULL,NULL,NULL,NULL,NULL,NULL,NULL,NULL,NULL,'ovD_nwGJ-6J5LJwWNRpTAXho7h6I','weixin://wxpay/bizpayurl?pr=iMp3xSe','杭州火车城站服务点24H','杭州火车东站服务点24H'),(329,'1474281694990',60,'2016-09-20 10:00:00','2016-09-30 10:00:00','1',20,300,3990,4310,10,'','','','','2016-09-19 18:41:34',62,NULL,NULL,NULL,NULL,NULL,NULL,NULL,NULL,NULL,'ovD_nwGJ-6J5LJwWNRpTAXho7h6I','weixin://wxpay/bizpayurl?pr=QDsPUu5','萧山机场店24H','杭州火车城站服务点24H'),(332,'1475117046740',54,'2016-09-30 00:00:00','2016-10-26 00:00:00','1',20,780,28600,29400,26,'','','','','2016-09-29 10:44:06',87,NULL,'wx7fd1f69e1fbcfb20','1475117050600','y3hZxoIswW8uAkMN','prepay_id=wx2016092910441074f6f1de2b0162096809','MD5','5EC0C1B2901FEBBF431D234669DAC7A0','http://www.yt-car.cn/order/notifyOrder2.do','6','ovD_nwGU-kjx1EB3Z2DV0wByUEjo',NULL,'萧山机场店24H','杭州火车城站服务点24H'),(333,'1475117138573',54,'2016-09-30 00:00:00','2016-10-29 00:00:00','1',20,870,31900,32790,29,'','','','','2016-09-29 10:45:38',87,NULL,'wx7fd1f69e1fbcfb20','1475117145854','cL5JujqPgSjWZHfp','prepay_id=wx2016092910454579839bfae00072802353','MD5','EFA26381FEE671665FF831EAE00AABC9','http://www.yt-car.cn/order/notifyOrder2.do','6','ovD_nwGU-kjx1EB3Z2DV0wByUEjo',NULL,'萧山机场店24H','杭州火车城站服务点24H'),(334,'1475117142213',54,'2016-09-30 00:00:00','2016-10-29 00:00:00','1',20,870,31900,32790,29,'','','','','2016-09-29 10:45:42',87,NULL,'wx7fd1f69e1fbcfb20','1475117145854','HVL6qt85Hrt42qdy','prepay_id=wx2016092910454579839bfae00293413073','MD5','EBF10E4E9D8DB4115870AEA8ED13F87F','http://www.yt-car.cn/order/notifyOrder2.do','6','ovD_nwGU-kjx1EB3Z2DV0wByUEjo',NULL,'萧山机场店24H','杭州火车城站服务点24H'),(335,'1475121401207',52,'2016-09-30 00:00:00','2016-10-29 00:00:00','1',20,870,21721,22611,29,'','','','','2016-09-29 11:56:41',87,NULL,'wx7fd1f69e1fbcfb20','1475121403972','5hECPx3DBz7dg4nB','prepay_id=wx20160929115644b16863b06a0372665393','MD5','4290EC47FA7B9BDF0AF8B24F63C46E3A','http://www.yt-car.cn/order/notifyOrder2.do','6','ovD_nwGU-kjx1EB3Z2DV0wByUEjo',NULL,'萧山机场店24H','杭州火车城站服务点24H'),(336,'1475125474222',54,'2016-09-30 00:00:00','2016-10-28 00:00:00','1',20,840,30800,31660,28,'','','','','2016-09-29 13:04:34',87,NULL,'wx7fd1f69e1fbcfb20','1475125475800','APpvUteY4lDsGBTK','prepay_id=wx20160929130435da76e256110525395809','MD5','4C81C3A70E472678A0EC9B7CE14E1014','http://www.yt-car.cn/order/notifyOrder2.do','6','ovD_nwGU-kjx1EB3Z2DV0wByUEjo',NULL,'杭州火车城站服务点24H','杭州火车城站服务点24H'),(337,'1475125572320',54,'2016-09-30 00:00:00','2016-10-29 00:00:00','1',20,870,31900,32790,29,'','','','','2016-09-29 13:06:12',87,NULL,'wx7fd1f69e1fbcfb20','1475125574992','nyscMBdLrOIu5JjJ','prepay_id=wx2016092913061537b269c9cb0136373164','MD5','D0BA1246EAC3E84D383B9673C96FE6CC','http://www.yt-car.cn/order/notifyOrder2.do','6','ovD_nwGU-kjx1EB3Z2DV0wByUEjo',NULL,'杭州临平余杭高铁站点','杭州临平余杭高铁站点'),(338,'1475130351634',54,'2016-10-29 00:00:00','2016-10-31 00:00:00','1',20,60,2200,2280,2,'','','','','2016-09-29 14:25:51',87,NULL,'wx7fd1f69e1fbcfb20','1475130353681','kZhMZgtsTNJI5kMg','prepay_id=wx20160929142553a394b3d3f00231471884','MD5','08DC6E1D23F791E0171A4D4BA55AAD1F','http://www.yt-car.cn/order/notifyOrder2.do','6','ovD_nwGU-kjx1EB3Z2DV0wByUEjo',NULL,'萧山机场店24H','杭州火车城站服务点24H'),(339,'1475130554081',54,'2016-09-30 00:00:00','2016-10-29 00:00:00','1',20,870,31900,32790,29,'','','','','2016-09-29 14:29:14',87,NULL,'wx7fd1f69e1fbcfb20','1475130561409','IBbpYSM4yD2Ei5nA','prepay_id=wx2016092914292160f4a2d4200976248790','MD5','5C6F29101BBF05346074CF1B70A3F3BF','http://www.yt-car.cn/order/notifyOrder2.do','6','ovD_nwGU-kjx1EB3Z2DV0wByUEjo',NULL,'萧山机场店24H','杭州火车东站服务点24H'),(340,'1475130681336',54,'2016-10-01 00:00:00','2016-11-29 00:00:00','1',20,1770,64900,66690,59,'','','','','2016-09-29 14:31:21',87,NULL,'wx7fd1f69e1fbcfb20','1475130683290','pOJ5v2QYlrUqzKJF','prepay_id=wx20160929143123bc5269554b0985386021','MD5','1BE18E7B19C13433FDFF7AF04F686CDB','http://www.yt-car.cn/order/notifyOrder2.do','6','ovD_nwGU-kjx1EB3Z2DV0wByUEjo',NULL,'萧山机场店24H','杭州火车东站服务点24H'),(341,'1475130704931',57,'2016-10-01 00:00:00','2016-11-29 00:00:00','1',20,1770,118000,119790,59,'','','','','2016-09-29 14:31:44',87,NULL,'wx7fd1f69e1fbcfb20','1475130705181','EGWNBdgttFp2qXrv','prepay_id=wx2016092914314584043d78e00921355161','MD5','81A02E35F3D8A48E2E570B2B9FCB7E85','http://www.yt-car.cn/order/notifyOrder2.do','6','ovD_nwGU-kjx1EB3Z2DV0wByUEjo',NULL,'萧山机场店24H','杭州火车东站服务点24H'),(342,'1475152519855',54,'2016-10-29 00:00:00','2016-12-29 00:00:00','1',20,1830,67100,68950,61,'','','','','2016-09-29 20:35:19',87,NULL,'wx7fd1f69e1fbcfb20','1475152521402','rZgVnaE6ExDNe70q','prepay_id=wx20160929203521b15d37869b0338708052','MD5','4E4989ED06964A013CB644111C89133F','http://www.yt-car.cn/order/notifyOrder2.do','6','ovD_nwGU-kjx1EB3Z2DV0wByUEjo',NULL,'萧山机场店24H','杭州火车城站服务点24H'),(343,'1475152521839',54,'2016-10-29 00:00:00','2016-12-29 00:00:00','1',20,1830,67100,68950,61,'','','','','2016-09-29 20:35:21',87,NULL,'wx7fd1f69e1fbcfb20','1475152522089','x1lQPMN1HCxByUen','prepay_id=wx2016092920352247eb309f4d0736949433','MD5','A7554DD9DB3ACFEE909518A8C013B7FE','http://www.yt-car.cn/order/notifyOrder2.do','6','ovD_nwGU-kjx1EB3Z2DV0wByUEjo',NULL,'萧山机场店24H','杭州火车城站服务点24H'),(344,'1475208675357',54,'2016-10-01 00:00:00','2016-11-08 00:00:00','1',20,1140,41800,42960,38,'','','','','2016-09-30 12:11:15',49,NULL,'wx7fd1f69e1fbcfb20','1475208676919','YRlMuAmRYfrzf4WF','prepay_id=wx20160930121116eef43cede20291900128','MD5','31C17C09B8BA1F6D29BCAA25B84C4AE3','http://www.yt-car.cn/order/notifyOrder2.do','6','ovD_nwMi4kt38Kvl6nydP-vxcn98',NULL,'杭州火车城站服务点24H','杭州临平余杭高铁站点');

/*Table structure for table `yt_phone` */

DROP TABLE IF EXISTS `yt_phone`;

CREATE TABLE `yt_phone` (
  `id` int(11) NOT NULL AUTO_INCREMENT,
  `tel` varchar(20) DEFAULT NULL,
  `number` int(11) DEFAULT NULL,
  PRIMARY KEY (`id`)
) ENGINE=InnoDB AUTO_INCREMENT=1109 DEFAULT CHARSET=gbk;

/*Data for the table `yt_phone` */

insert  into `yt_phone`(`id`,`tel`,`number`) values (1049,'18768143568',0),(1050,'15869155845',0),(1051,'18698583652',0),(1052,'15868161666',0),(1053,'18868808233',0),(1054,'15158822942',0),(1055,'15158822942',0),(1056,'15158822942',0),(1057,'13777845003',0),(1058,'13777845003',0),(1059,'13777845003',0),(1060,'15088725157',0),(1061,'15088725157',0),(1062,'15088725157',0),(1063,'18768143561',0),(1064,'18768143560',0),(1065,'15857169488',0),(1066,'18768143562',0),(1067,'18768143566',0),(1068,NULL,0),(1069,NULL,0),(1070,NULL,0),(1071,NULL,0),(1072,NULL,0),(1073,'18058405199',0),(1074,'13777845002',0),(1075,'13893088797',0),(1076,'15967147061',0),(1077,NULL,0),(1078,NULL,0),(1079,NULL,0),(1080,NULL,0),(1081,NULL,0),(1082,NULL,0),(1083,NULL,0),(1084,NULL,0),(1085,NULL,0),(1086,NULL,0),(1087,NULL,0),(1088,NULL,0),(1089,'15140995617',0),(1090,NULL,0),(1091,NULL,0),(1092,NULL,0),(1093,'18815287951',0),(1094,'13868139737',0),(1095,'13429624232',0),(1096,'18658120106',0),(1097,'18072956516',0),(1098,'13362133660',0),(1099,'13666640103',0),(1100,NULL,0),(1101,NULL,0),(1102,NULL,0),(1103,NULL,0),(1104,NULL,0),(1105,NULL,0),(1106,NULL,0),(1107,NULL,0),(1108,NULL,0);

/*Table structure for table `yt_power` */

DROP TABLE IF EXISTS `yt_power`;

CREATE TABLE `yt_power` (
  `id` int(11) NOT NULL AUTO_INCREMENT,
  `name` varchar(100) DEFAULT NULL COMMENT '角色名称',
  PRIMARY KEY (`id`)
) ENGINE=MyISAM AUTO_INCREMENT=3 DEFAULT CHARSET=gbk;

/*Data for the table `yt_power` */

insert  into `yt_power`(`id`,`name`) values (1,'超级管理员'),(2,'管理员');

/*Table structure for table `yt_price` */

DROP TABLE IF EXISTS `yt_price`;

CREATE TABLE `yt_price` (
  `id` int(11) NOT NULL AUTO_INCREMENT,
  `price` varchar(100) DEFAULT NULL COMMENT '价格',
  PRIMARY KEY (`id`)
) ENGINE=MyISAM AUTO_INCREMENT=23 DEFAULT CHARSET=gbk;

/*Data for the table `yt_price` */

insert  into `yt_price`(`id`,`price`) values (18,'￥150以下'),(19,'￥150-￥300'),(20,'￥300-￥500'),(21,'￥500以上');

/*Table structure for table `yt_title` */

DROP TABLE IF EXISTS `yt_title`;

CREATE TABLE `yt_title` (
  `id` int(11) NOT NULL AUTO_INCREMENT,
  `content` varchar(100) DEFAULT NULL,
  PRIMARY KEY (`id`)
) ENGINE=MyISAM AUTO_INCREMENT=6 DEFAULT CHARSET=gbk;

/*Data for the table `yt_title` */

insert  into `yt_title`(`id`,`content`) values (1,'关于'),(2,'租车说明'),(3,'租车费用'),(4,'会员管理'),(5,'帮助');

/*Table structure for table `yt_titleaddr` */

DROP TABLE IF EXISTS `yt_titleaddr`;

CREATE TABLE `yt_titleaddr` (
  `id` int(11) NOT NULL AUTO_INCREMENT,
  `titleAddr` varchar(100) DEFAULT NULL COMMENT '杭州市区',
  UNIQUE KEY `id` (`id`)
) ENGINE=MyISAM AUTO_INCREMENT=10 DEFAULT CHARSET=gbk;

/*Data for the table `yt_titleaddr` */

insert  into `yt_titleaddr`(`id`,`titleAddr`) values (1,'机场/火车站'),(2,'西湖区'),(3,'上城区'),(4,'拱墅区'),(5,'下城区'),(6,'萧山区'),(7,'江干区'),(8,'滨江区'),(9,'余杭区');

/*Table structure for table `yt_user` */

DROP TABLE IF EXISTS `yt_user`;

CREATE TABLE `yt_user` (
  `id` int(11) NOT NULL AUTO_INCREMENT,
  `username` varchar(50) DEFAULT NULL,
  `password` varchar(50) DEFAULT NULL,
  `idcard` varchar(25) DEFAULT NULL,
  `tel` varchar(20) DEFAULT NULL,
  `regist_time` datetime DEFAULT NULL,
  `open_id` varchar(255) DEFAULT NULL,
  `path` varchar(255) DEFAULT NULL,
  `nickname` varchar(255) CHARACTER SET utf8mb4 DEFAULT NULL,
  PRIMARY KEY (`id`)
) ENGINE=MyISAM AUTO_INCREMENT=104 DEFAULT CHARSET=gbk;

/*Data for the table `yt_user` */

insert  into `yt_user`(`id`,`username`,`password`,`idcard`,`tel`,`regist_time`,`open_id`,`path`,`nickname`) values (58,'kk','90D750E3EDFEC013EE19E12D73689E1A',NULL,'18698583652','2016-08-08 11:03:53',NULL,NULL,NULL),(62,'巫华军','366EFFB3AEAC41F72A62F1770BD5A7CE','330825198307085613','15868161666','2016-08-19 17:10:51','ovD_nwGJ-6J5LJwWNRpTAXho7h6I','http://wx.qlogo.cn/mmopen/6BVo4DbCE0h61r7JoogK3sVSTWPAQTdiasYTDDIL1FKzgxe0TKoxAYKqGhWibtnN3wkyibNnR5JjqFWRPeDON3bZUREH4HmApHt/0','A盈通租车15868161666'),(57,'俞佳芬','C351855EB57816C48A8076E187B4E2F4',NULL,'15857169488','2016-08-06 19:33:47',NULL,NULL,NULL),(54,'张月峰','C351855EB57816C48A8076E187B4E2F4',NULL,'15869155845','2016-08-06 15:57:02','ovD_nwBkZT4Wf7varFkspt4s8iqw','http://wx.qlogo.cn/mmopen/6BVo4DbCE0h61r7JoogK3uHwdK0SrUGibOKeeoODEiaDNiaIe65bfd0hspJPEvSbAByNYzU7t6gPRGlgTwAlibiaGpZwj2QsrRLqk/0','Mr Z'),(49,'陈德志','5A3F2837D6D537B3FB8D0FB46FDF06E5',NULL,'13362133660','2016-07-21 13:27:31','ovD_nwMi4kt38Kvl6nydP-vxcn98','http://wx.qlogo.cn/mmopen/XeBgoibVibp2fGXrGMmKxowusRXy7SEs1SwHKcsPG1skNkjibD6l7apMWichhpUvvyOia1uy5ticI8EICCa4mdLvJZr2MTOW2NutCK/0','陈德志。'),(87,'杨俊','AFA0511C134699AC9D6AC98BBF956225',NULL,'18768143568','2016-08-19 17:48:57','ovD_nwGU-kjx1EB3Z2DV0wByUEjo','http://wx.qlogo.cn/mmopen/PiajxSqBRaEIgBOlBWUumgbYIbiceKTyic9GVxp6TZulaCU7tia6cmMG1OANNppQzsSEGL6ZTvgZ1ZC8um0gZibicIVg/0','雪域青竹'),(63,'楼东','2AC3DBA3316415BC14216A7929E36346',NULL,'18058405199','2016-08-19 17:15:57','ovD_nwMAXLSpZgGhYXxv-7fK0mVk','http://wx.qlogo.cn/mmopen/6BVo4DbCE0h61r7JoogK3rlM8qz7eschpmAcnrk27t9yAwHw7oQNffOXwEJmu6rn1Z6jJFvd63vSKzwtdKlAOxyxNrTqrMibz/0','东楼人'),(93,'富艺伟','723D505516E0C197E42A6BE3C0AF910E',NULL,'13777845003','2016-08-19 18:06:48','ovD_nwPNufzc9c5Pf7Unr32TS4Eg','http://wx.qlogo.cn/mmopen/5A8tDe3TJOcx8hl6JsicKFGONtTOeq1LfV5aVRC4IpKp4bqPByvfibribIs51VicZE9wafa4XqguMd7nKLIICibPibN74AfewnUXjj/0','富'),(94,'王勇','B18E2DA60D74E5882616B0BB6AC7AF59',NULL,'13893088797','2016-08-19 22:16:59','ovD_nwKk_HoF7GmNvRuuaPNTWrNU','http://wx.qlogo.cn/mmopen/6BVo4DbCE0h61r7JoogK3nMB07iamMjN2LI5XI15Z5VpnpPJ7QvsDhlVToObz5MVRlyQFQXXoEufBwVR0uIianDqtDQHP2e8TF/0','清风云淡'),(95,'张翠飞','F593782E248B473CC71341CA458D1DED',NULL,'15967147061','2016-08-24 10:29:35','ovD_nwGeeL94AKWZ-lfivJbtizWw','http://wx.qlogo.cn/mmopen/g6SMnjyasjXOOMCYQsrCyEJUAIm0IRA5pQRuiahyPZERSSuG4SicA8W4wjOHE1lFbqmScYgd5JGdGy7XpQCRPwDdXcZAEAhNzd/0','飞飞'),(96,'刘译浓','32DD570FDDD4A6DCC7193B943A2077D8',NULL,'15140995617','2016-09-19 09:02:40',NULL,NULL,NULL),(97,'叶杨东','94559DC06C69663C992C7AA326F4F50A',NULL,'18815287951','2016-09-27 16:30:23','ovD_nwET6j9YGmTPTrlg9kHbqjes','http://wx.qlogo.cn/mmopen/5A8tDe3TJOcx8hl6JsicKFA86NXlSoKoMyNwEwLTHicE3fJ9SgyZMXlChiaEianotAYJfwAonRJYKfUP5lO1Eld3ep0TfGTy5YtP/0','简·扬'),(98,'邵丹菁','FE7CABB84362D880ACBC30144330DB61',NULL,'13868139737','2016-09-27 19:34:00','ovD_nwHUMIIa9KYjitcQxDVSLNyw','http://wx.qlogo.cn/mmopen/Q3auHgzwzM4rV1Fyplsf6xg4cibjbjX2AkOTicBTiaY7ylibkfPXw9nSXHKib8ficTCx2rljsh4j4IuGKtNqicTPL1vKw/0','邵丹菁'),(99,'巫华燕','27AE3E7DAE329C1213CD243BDD61B91E',NULL,'13429624232','2016-09-28 11:04:33','ovD_nwBiXM2-3D2QLK3Rn8YqVYXI','http://wx.qlogo.cn/mmopen/6BVo4DbCE0h61r7JoogK3uqzhzWxibsjibJC6hULsVWL2ZsBX1L2SkicWNko1FZYgWtpnAdMEIWKAkG2qVOs2yjNcYA1ukYZe2T/0','牛哥'),(100,'王杰','68605BD86B1059837D5DEACBA3785468',NULL,'18658120106','2016-09-28 15:46:50','ovD_nwEQf7InwxRo2RJ-upiS-Fj0','http://wx.qlogo.cn/mmopen/XeBgoibVibp2fGXrGMmKxowt8CTf3C53Ll6iarcGfXQfBInnxcjWGsCjOvu4Rd67VIiakhUZIBl3jRiakKXc9ibjsjzKxyHicdBSqqw/0','A0000二手车买卖（平安代理人）'),(101,'楼林霞','592E886362279282D529F72D8EF6A291',NULL,'18072956516','2016-09-28 15:51:52','ovD_nwEYoRWpFK3xhVUKfemh6-qw','http://wx.qlogo.cn/mmopen/XeBgoibVibp2facquAXD3M0xqvqKia38P8XeVoSaAlrIglBlFBUoLW8mx6D5E8GPicgnC3BGq1j9yfyUEkibLI0JGbA/0','霞霞'),(102,'不知道','96E79218965EB72C92A549DD5A330112',NULL,'18868808233','2016-09-29 11:28:40','ovD_nwMTGbOK6_9icOCgu-ATPVZ0','http://wx.qlogo.cn/mmopen/6BVo4DbCE0h61r7JoogK3moTES0za3ibiaYBHO0FXYUDmxBpYxa4Jia1iaDCEV2akBzwb8yzFbdlZWbNpxmgOBuJeY7M8KemaUGY/0','遇见就不再错过'),(103,'13666640103','650F0798D658A445E05B9276ED734516',NULL,'13666640103','2016-09-29 13:57:55','ovD_nwJIzrwrhOL9Uyj0mpuhDKww','http://wx.qlogo.cn/mmopen/XeBgoibVibp2fGXrGMmKxowvZcjuvdtkuZWhztl3vnyQ0ueFb76yJOvMv862CvsP0KxvFnvLbV2yh01DxhYNQNXUxyJVGPCUId/0','王喆');

/*Table structure for table `yt_vehicle` */

DROP TABLE IF EXISTS `yt_vehicle`;

CREATE TABLE `yt_vehicle` (
  `id` int(11) NOT NULL AUTO_INCREMENT,
  `vehicle_model` varchar(100) DEFAULT NULL COMMENT '车型',
  PRIMARY KEY (`id`)
) ENGINE=MyISAM AUTO_INCREMENT=9 DEFAULT CHARSET=gbk;

/*Data for the table `yt_vehicle` */

insert  into `yt_vehicle`(`id`,`vehicle_model`) values (1,'紧凑型'),(2,'经济型'),(3,'商务型'),(4,'豪华型'),(5,'SUV'),(6,'6至15座商务'),(7,'个性车'),(8,'电动车');

/*Table structure for table `yt_weixin` */

DROP TABLE IF EXISTS `yt_weixin`;

CREATE TABLE `yt_weixin` (
  `id` int(11) NOT NULL AUTO_INCREMENT,
  `open_id` int(11) DEFAULT NULL,
  `username` varchar(50) DEFAULT NULL,
  `path` varchar(255) DEFAULT NULL,
  PRIMARY KEY (`id`)
) ENGINE=MyISAM DEFAULT CHARSET=gbk;

/*Data for the table `yt_weixin` */

/*!40101 SET SQL_MODE=@OLD_SQL_MODE */;
/*!40014 SET FOREIGN_KEY_CHECKS=@OLD_FOREIGN_KEY_CHECKS */;
/*!40014 SET UNIQUE_CHECKS=@OLD_UNIQUE_CHECKS */;
/*!40111 SET SQL_NOTES=@OLD_SQL_NOTES */;
